,name,price,image_link,product_link
0,Bulbasaur,63.00,https://scrapeme.live/wp-content/uploads/2018/08/001-350x350.png,https://scrapeme.live/shop/Bulbasaur/
1,Ivysaur,87.00,https://scrapeme.live/wp-content/uploads/2018/08/002-350x350.png,https://scrapeme.live/shop/Ivysaur/
2,Venusaur,105.00,https://scrapeme.live/wp-content/uploads/2018/08/003-350x350.png,https://scrapeme.live/shop/Venusaur/
3,Charmander,48.00,https://scrapeme.live/wp-content/uploads/2018/08/004-350x350.png,https://scrapeme.live/shop/Charmander/
4,Charmeleon,165.00,https://scrapeme.live/wp-content/uploads/2018/08/005-350x350.png,https://scrapeme.live/shop/Charmeleon/
5,Charizard,156.00,https://scrapeme.live/wp-content/uploads/2018/08/006-350x350.png,https://scrapeme.live/shop/Charizard/
6,Squirtle,130.00,https://scrapeme.live/wp-content/uploads/2018/08/007-350x350.png,https://scrapeme.live/shop/Squirtle/
7,Wartortle,123.00,https://scrapeme.live/wp-content/uploads/2018/08/008-350x350.png,https://scrapeme.live/shop/Wartortle/
8,Blastoise,76.00,https://scrapeme.live/wp-content/uploads/2018/08/009-350x350.png,https://scrapeme.live/shop/Blastoise/
9,Caterpie,73.00,https://scrapeme.live/wp-content/uploads/2018/08/010-350x350.png,https://scrapeme.live/shop/Caterpie/
10,Metapod,148.00,https://scrapeme.live/wp-content/uploads/2018/08/011-350x350.png,https://scrapeme.live/shop/Metapod/
11,Butterfree,162.00,https://scrapeme.live/wp-content/uploads/2018/08/012-350x350.png,https://scrapeme.live/shop/Butterfree/
12,Weedle,25.00,https://scrapeme.live/wp-content/uploads/2018/08/013-350x350.png,https://scrapeme.live/shop/Weedle/
13,Kakuna,148.00,https://scrapeme.live/wp-content/uploads/2018/08/014-350x350.png,https://scrapeme.live/shop/Kakuna/
14,Beedrill,168.00,https://scrapeme.live/wp-content/uploads/2018/08/015-350x350.png,https://scrapeme.live/shop/Beedrill/
15,Pidgey,159.00,https://scrapeme.live/wp-content/uploads/2018/08/016-350x350.png,https://scrapeme.live/shop/Pidgey/
16,Pidgeotto,84.00,https://scrapeme.live/wp-content/uploads/2018/08/017-350x350.png,https://scrapeme.live/shop/Pidgeotto/
17,Pidgeot,185.00,https://scrapeme.live/wp-content/uploads/2018/08/018-350x350.png,https://scrapeme.live/shop/Pidgeot/
18,Rattata,128.00,https://scrapeme.live/wp-content/uploads/2018/08/019-350x350.png,https://scrapeme.live/shop/Rattata/
19,Raticate,60.00,https://scrapeme.live/wp-content/uploads/2018/08/020-350x350.png,https://scrapeme.live/shop/Raticate/
20,Spearow,133.00,https://scrapeme.live/wp-content/uploads/2018/08/021-350x350.png,https://scrapeme.live/shop/Spearow/
21,Fearow,95.00,https://scrapeme.live/wp-content/uploads/2018/08/022-350x350.png,https://scrapeme.live/shop/Fearow/
22,Ekans,55.00,https://scrapeme.live/wp-content/uploads/2018/08/023-350x350.png,https://scrapeme.live/shop/Ekans/
23,Arbok,182.00,https://scrapeme.live/wp-content/uploads/2018/08/024-350x350.png,https://scrapeme.live/shop/Arbok/
24,Pikachu,37.00,https://scrapeme.live/wp-content/uploads/2018/08/025-350x350.png,https://scrapeme.live/shop/Pikachu/
25,Raichu,140.00,https://scrapeme.live/wp-content/uploads/2018/08/026-350x350.png,https://scrapeme.live/shop/Raichu/
26,Sandshrew,82.00,https://scrapeme.live/wp-content/uploads/2018/08/027-350x350.png,https://scrapeme.live/shop/Sandshrew/
27,Sandslash,155.00,https://scrapeme.live/wp-content/uploads/2018/08/028-350x350.png,https://scrapeme.live/shop/Sandslash/
28,Nidorina,28.00,https://scrapeme.live/wp-content/uploads/2018/08/030-350x350.png,https://scrapeme.live/shop/Nidorina/
29,Nidoqueen,106.00,https://scrapeme.live/wp-content/uploads/2018/08/031-350x350.png,https://scrapeme.live/shop/Nidoqueen/
30,Nidorino,179.00,https://scrapeme.live/wp-content/uploads/2018/08/033-350x350.png,https://scrapeme.live/shop/Nidorino/
31,Nidoking,31.00,https://scrapeme.live/wp-content/uploads/2018/08/034-350x350.png,https://scrapeme.live/shop/Nidoking/
32,Clefairy,160.00,https://scrapeme.live/wp-content/uploads/2018/08/035-350x350.png,https://scrapeme.live/shop/Clefairy/
33,Clefable,188.00,https://scrapeme.live/wp-content/uploads/2018/08/036-350x350.png,https://scrapeme.live/shop/Clefable/
34,Vulpix,85.00,https://scrapeme.live/wp-content/uploads/2018/08/037-350x350.png,https://scrapeme.live/shop/Vulpix/
35,Ninetales,52.00,https://scrapeme.live/wp-content/uploads/2018/08/038-350x350.png,https://scrapeme.live/shop/Ninetales/
36,Jigglypuff,61.00,https://scrapeme.live/wp-content/uploads/2018/08/039-350x350.png,https://scrapeme.live/shop/Jigglypuff/
37,Wigglytuff,130.00,https://scrapeme.live/wp-content/uploads/2018/08/040-350x350.png,https://scrapeme.live/shop/Wigglytuff/
38,Zubat,125.00,https://scrapeme.live/wp-content/uploads/2018/08/041-350x350.png,https://scrapeme.live/shop/Zubat/
39,Golbat,136.00,https://scrapeme.live/wp-content/uploads/2018/08/042-350x350.png,https://scrapeme.live/shop/Golbat/
40,Oddish,45.00,https://scrapeme.live/wp-content/uploads/2018/08/043-350x350.png,https://scrapeme.live/shop/Oddish/
41,Gloom,178.00,https://scrapeme.live/wp-content/uploads/2018/08/044-350x350.png,https://scrapeme.live/shop/Gloom/
42,Vileplume,170.00,https://scrapeme.live/wp-content/uploads/2018/08/045-350x350.png,https://scrapeme.live/shop/Vileplume/
43,Paras,168.00,https://scrapeme.live/wp-content/uploads/2018/08/046-350x350.png,https://scrapeme.live/shop/Paras/
44,Parasect,27.00,https://scrapeme.live/wp-content/uploads/2018/08/047-350x350.png,https://scrapeme.live/shop/Parasect/
45,Venonat,158.00,https://scrapeme.live/wp-content/uploads/2018/08/048-350x350.png,https://scrapeme.live/shop/Venonat/
46,Venomoth,53.00,https://scrapeme.live/wp-content/uploads/2018/08/049-350x350.png,https://scrapeme.live/shop/Venomoth/
47,Diglett,122.00,https://scrapeme.live/wp-content/uploads/2018/08/050-350x350.png,https://scrapeme.live/shop/Diglett/
48,Dugtrio,111.00,https://scrapeme.live/wp-content/uploads/2018/08/051-350x350.png,https://scrapeme.live/shop/Dugtrio/
49,Meowth,131.00,https://scrapeme.live/wp-content/uploads/2018/08/052-350x350.png,https://scrapeme.live/shop/Meowth/
50,Persian,200.00,https://scrapeme.live/wp-content/uploads/2018/08/053-350x350.png,https://scrapeme.live/shop/Persian/
51,Psyduck,182.00,https://scrapeme.live/wp-content/uploads/2018/08/054-350x350.png,https://scrapeme.live/shop/Psyduck/
52,Golduck,31.00,https://scrapeme.live/wp-content/uploads/2018/08/055-350x350.png,https://scrapeme.live/shop/Golduck/
53,Mankey,125.00,https://scrapeme.live/wp-content/uploads/2018/08/056-350x350.png,https://scrapeme.live/shop/Mankey/
54,Primeape,86.00,https://scrapeme.live/wp-content/uploads/2018/08/057-350x350.png,https://scrapeme.live/shop/Primeape/
55,Growlithe,30.00,https://scrapeme.live/wp-content/uploads/2018/08/058-350x350.png,https://scrapeme.live/shop/Growlithe/
56,Arcanine,69.00,https://scrapeme.live/wp-content/uploads/2018/08/059-350x350.png,https://scrapeme.live/shop/Arcanine/
57,Poliwag,174.00,https://scrapeme.live/wp-content/uploads/2018/08/060-350x350.png,https://scrapeme.live/shop/Poliwag/
58,Poliwhirl,121.00,https://scrapeme.live/wp-content/uploads/2018/08/061-350x350.png,https://scrapeme.live/shop/Poliwhirl/
59,Poliwrath,152.00,https://scrapeme.live/wp-content/uploads/2018/08/062-350x350.png,https://scrapeme.live/shop/Poliwrath/
60,Abra,141.00,https://scrapeme.live/wp-content/uploads/2018/08/063-350x350.png,https://scrapeme.live/shop/Abra/
61,Kadabra,129.00,https://scrapeme.live/wp-content/uploads/2018/08/064-350x350.png,https://scrapeme.live/shop/Kadabra/
62,Alakazam,40.00,https://scrapeme.live/wp-content/uploads/2018/08/065-350x350.png,https://scrapeme.live/shop/Alakazam/
63,Machop,166.00,https://scrapeme.live/wp-content/uploads/2018/08/066-350x350.png,https://scrapeme.live/shop/Machop/
64,Machoke,27.00,https://scrapeme.live/wp-content/uploads/2018/08/067-350x350.png,https://scrapeme.live/shop/Machoke/
65,Machamp,121.00,https://scrapeme.live/wp-content/uploads/2018/08/068-350x350.png,https://scrapeme.live/shop/Machamp/
66,Bellsprout,74.00,https://scrapeme.live/wp-content/uploads/2018/08/069-350x350.png,https://scrapeme.live/shop/Bellsprout/
67,Weepinbell,26.00,https://scrapeme.live/wp-content/uploads/2018/08/070-350x350.png,https://scrapeme.live/shop/Weepinbell/
68,Victreebel,68.00,https://scrapeme.live/wp-content/uploads/2018/08/071-350x350.png,https://scrapeme.live/shop/Victreebel/
69,Tentacool,186.00,https://scrapeme.live/wp-content/uploads/2018/08/072-350x350.png,https://scrapeme.live/shop/Tentacool/
70,Tentacruel,65.00,https://scrapeme.live/wp-content/uploads/2018/08/073-350x350.png,https://scrapeme.live/shop/Tentacruel/
71,Geodude,32.00,https://scrapeme.live/wp-content/uploads/2018/08/074-350x350.png,https://scrapeme.live/shop/Geodude/
72,Graveler,182.00,https://scrapeme.live/wp-content/uploads/2018/08/075-350x350.png,https://scrapeme.live/shop/Graveler/
73,Golem,103.00,https://scrapeme.live/wp-content/uploads/2018/08/076-350x350.png,https://scrapeme.live/shop/Golem/
74,Ponyta,53.00,https://scrapeme.live/wp-content/uploads/2018/08/077-350x350.png,https://scrapeme.live/shop/Ponyta/
75,Rapidash,98.00,https://scrapeme.live/wp-content/uploads/2018/08/078-350x350.png,https://scrapeme.live/shop/Rapidash/
76,Slowpoke,109.00,https://scrapeme.live/wp-content/uploads/2018/08/079-350x350.png,https://scrapeme.live/shop/Slowpoke/
77,Slowbro,179.00,https://scrapeme.live/wp-content/uploads/2018/08/080-350x350.png,https://scrapeme.live/shop/Slowbro/
78,Magnemite,100.00,https://scrapeme.live/wp-content/uploads/2018/08/081-350x350.png,https://scrapeme.live/shop/Magnemite/
79,Magneton,191.00,https://scrapeme.live/wp-content/uploads/2018/08/082-350x350.png,https://scrapeme.live/shop/Magneton/
80,Farfetchd,185.00,https://scrapeme.live/wp-content/uploads/2018/08/083-350x350.png,https://scrapeme.live/shop/Farfetchd/
81,Doduo,73.00,https://scrapeme.live/wp-content/uploads/2018/08/084-350x350.png,https://scrapeme.live/shop/Doduo/
82,Dodrio,138.00,https://scrapeme.live/wp-content/uploads/2018/08/085-350x350.png,https://scrapeme.live/shop/Dodrio/
83,Seel,164.00,https://scrapeme.live/wp-content/uploads/2018/08/086-350x350.png,https://scrapeme.live/shop/Seel/
84,Dewgong,70.00,https://scrapeme.live/wp-content/uploads/2018/08/087-350x350.png,https://scrapeme.live/shop/Dewgong/
85,Grimer,147.00,https://scrapeme.live/wp-content/uploads/2018/08/088-350x350.png,https://scrapeme.live/shop/Grimer/
86,Muk,187.00,https://scrapeme.live/wp-content/uploads/2018/08/089-350x350.png,https://scrapeme.live/shop/Muk/
87,Shellder,138.00,https://scrapeme.live/wp-content/uploads/2018/08/090-350x350.png,https://scrapeme.live/shop/Shellder/
88,Cloyster,199.00,https://scrapeme.live/wp-content/uploads/2018/08/091-350x350.png,https://scrapeme.live/shop/Cloyster/
89,Gastly,179.00,https://scrapeme.live/wp-content/uploads/2018/08/092-350x350.png,https://scrapeme.live/shop/Gastly/
90,Haunter,42.00,https://scrapeme.live/wp-content/uploads/2018/08/093-350x350.png,https://scrapeme.live/shop/Haunter/
91,Gengar,149.00,https://scrapeme.live/wp-content/uploads/2018/08/094-350x350.png,https://scrapeme.live/shop/Gengar/
92,Onix,37.00,https://scrapeme.live/wp-content/uploads/2018/08/095-350x350.png,https://scrapeme.live/shop/Onix/
93,Drowzee,40.00,https://scrapeme.live/wp-content/uploads/2018/08/096-350x350.png,https://scrapeme.live/shop/Drowzee/
94,Hypno,198.00,https://scrapeme.live/wp-content/uploads/2018/08/097-350x350.png,https://scrapeme.live/shop/Hypno/
95,Krabby,64.00,https://scrapeme.live/wp-content/uploads/2018/08/098-350x350.png,https://scrapeme.live/shop/Krabby/
96,Kingler,72.00,https://scrapeme.live/wp-content/uploads/2018/08/099-350x350.png,https://scrapeme.live/shop/Kingler/
97,Voltorb,189.00,https://scrapeme.live/wp-content/uploads/2018/08/100-350x350.png,https://scrapeme.live/shop/Voltorb/
98,Electrode,100.00,https://scrapeme.live/wp-content/uploads/2018/08/101-350x350.png,https://scrapeme.live/shop/Electrode/
99,Exeggcute,126.00,https://scrapeme.live/wp-content/uploads/2018/08/102-350x350.png,https://scrapeme.live/shop/Exeggcute/
100,Exeggutor,68.00,https://scrapeme.live/wp-content/uploads/2018/08/103-350x350.png,https://scrapeme.live/shop/Exeggutor/
101,Cubone,177.00,https://scrapeme.live/wp-content/uploads/2018/08/104-350x350.png,https://scrapeme.live/shop/Cubone/
102,Marowak,36.00,https://scrapeme.live/wp-content/uploads/2018/08/105-350x350.png,https://scrapeme.live/shop/Marowak/
103,Hitmonlee,73.00,https://scrapeme.live/wp-content/uploads/2018/08/106-350x350.png,https://scrapeme.live/shop/Hitmonlee/
104,Hitmonchan,91.00,https://scrapeme.live/wp-content/uploads/2018/08/107-350x350.png,https://scrapeme.live/shop/Hitmonchan/
105,Lickitung,142.00,https://scrapeme.live/wp-content/uploads/2018/08/108-350x350.png,https://scrapeme.live/shop/Lickitung/
106,Koffing,38.00,https://scrapeme.live/wp-content/uploads/2018/08/109-350x350.png,https://scrapeme.live/shop/Koffing/
107,Weezing,48.00,https://scrapeme.live/wp-content/uploads/2018/08/110-350x350.png,https://scrapeme.live/shop/Weezing/
108,Rhyhorn,124.00,https://scrapeme.live/wp-content/uploads/2018/08/111-350x350.png,https://scrapeme.live/shop/Rhyhorn/
109,Rhydon,27.00,https://scrapeme.live/wp-content/uploads/2018/08/112-350x350.png,https://scrapeme.live/shop/Rhydon/
110,Chansey,176.00,https://scrapeme.live/wp-content/uploads/2018/08/113-350x350.png,https://scrapeme.live/shop/Chansey/
111,Tangela,64.00,https://scrapeme.live/wp-content/uploads/2018/08/114-350x350.png,https://scrapeme.live/shop/Tangela/
112,Kangaskhan,164.00,https://scrapeme.live/wp-content/uploads/2018/08/115-350x350.png,https://scrapeme.live/shop/Kangaskhan/
113,Horsea,154.00,https://scrapeme.live/wp-content/uploads/2018/08/116-350x350.png,https://scrapeme.live/shop/Horsea/
114,Seadra,51.00,https://scrapeme.live/wp-content/uploads/2018/08/117-350x350.png,https://scrapeme.live/shop/Seadra/
115,Goldeen,170.00,https://scrapeme.live/wp-content/uploads/2018/08/118-350x350.png,https://scrapeme.live/shop/Goldeen/
116,Seaking,129.00,https://scrapeme.live/wp-content/uploads/2018/08/119-350x350.png,https://scrapeme.live/shop/Seaking/
117,Staryu,166.00,https://scrapeme.live/wp-content/uploads/2018/08/120-350x350.png,https://scrapeme.live/shop/Staryu/
118,Starmie,176.00,https://scrapeme.live/wp-content/uploads/2018/08/121-350x350.png,https://scrapeme.live/shop/Starmie/
119,Mr-mime,144.00,https://scrapeme.live/wp-content/uploads/2018/08/122-350x350.png,https://scrapeme.live/shop/Mr-mime/
120,Scyther,85.00,https://scrapeme.live/wp-content/uploads/2018/08/123-350x350.png,https://scrapeme.live/shop/Scyther/
121,Jynx,138.00,https://scrapeme.live/wp-content/uploads/2018/08/124-350x350.png,https://scrapeme.live/shop/Jynx/
122,Electabuzz,125.00,https://scrapeme.live/wp-content/uploads/2018/08/125-350x350.png,https://scrapeme.live/shop/Electabuzz/
123,Magmar,130.00,https://scrapeme.live/wp-content/uploads/2018/08/126-350x350.png,https://scrapeme.live/shop/Magmar/
124,Pinsir,141.00,https://scrapeme.live/wp-content/uploads/2018/08/127-350x350.png,https://scrapeme.live/shop/Pinsir/
125,Tauros,63.00,https://scrapeme.live/wp-content/uploads/2018/08/128-350x350.png,https://scrapeme.live/shop/Tauros/
126,Magikarp,43.00,https://scrapeme.live/wp-content/uploads/2018/08/129-350x350.png,https://scrapeme.live/shop/Magikarp/
127,Gyarados,79.00,https://scrapeme.live/wp-content/uploads/2018/08/130-350x350.png,https://scrapeme.live/shop/Gyarados/
128,Lapras,172.00,https://scrapeme.live/wp-content/uploads/2018/08/131-350x350.png,https://scrapeme.live/shop/Lapras/
129,Ditto,75.00,https://scrapeme.live/wp-content/uploads/2018/08/132-350x350.png,https://scrapeme.live/shop/Ditto/
130,Eevee,112.00,https://scrapeme.live/wp-content/uploads/2018/08/133-350x350.png,https://scrapeme.live/shop/Eevee/
131,Vaporeon,147.00,https://scrapeme.live/wp-content/uploads/2018/08/134-350x350.png,https://scrapeme.live/shop/Vaporeon/
132,Jolteon,158.00,https://scrapeme.live/wp-content/uploads/2018/08/135-350x350.png,https://scrapeme.live/shop/Jolteon/
133,Flareon,34.00,https://scrapeme.live/wp-content/uploads/2018/08/136-350x350.png,https://scrapeme.live/shop/Flareon/
134,Porygon,178.00,https://scrapeme.live/wp-content/uploads/2018/08/137-350x350.png,https://scrapeme.live/shop/Porygon/
135,Omanyte,162.00,https://scrapeme.live/wp-content/uploads/2018/08/138-350x350.png,https://scrapeme.live/shop/Omanyte/
136,Omastar,61.00,https://scrapeme.live/wp-content/uploads/2018/08/139-350x350.png,https://scrapeme.live/shop/Omastar/
137,Kabuto,79.00,https://scrapeme.live/wp-content/uploads/2018/08/140-350x350.png,https://scrapeme.live/shop/Kabuto/
138,Kabutops,57.00,https://scrapeme.live/wp-content/uploads/2018/08/141-350x350.png,https://scrapeme.live/shop/Kabutops/
139,Aerodactyl,56.00,https://scrapeme.live/wp-content/uploads/2018/08/142-350x350.png,https://scrapeme.live/shop/Aerodactyl/
140,Snorlax,134.00,https://scrapeme.live/wp-content/uploads/2018/08/143-350x350.png,https://scrapeme.live/shop/Snorlax/
141,Articuno,77.00,https://scrapeme.live/wp-content/uploads/2018/08/144-350x350.png,https://scrapeme.live/shop/Articuno/
142,Zapdos,133.00,https://scrapeme.live/wp-content/uploads/2018/08/145-350x350.png,https://scrapeme.live/shop/Zapdos/
143,Moltres,178.00,https://scrapeme.live/wp-content/uploads/2018/08/146-350x350.png,https://scrapeme.live/shop/Moltres/
144,Dratini,94.00,https://scrapeme.live/wp-content/uploads/2018/08/147-350x350.png,https://scrapeme.live/shop/Dratini/
145,Dragonair,57.00,https://scrapeme.live/wp-content/uploads/2018/08/148-350x350.png,https://scrapeme.live/shop/Dragonair/
146,Dragonite,69.00,https://scrapeme.live/wp-content/uploads/2018/08/149-350x350.png,https://scrapeme.live/shop/Dragonite/
147,Mewtwo,43.00,https://scrapeme.live/wp-content/uploads/2018/08/150-350x350.png,https://scrapeme.live/shop/Mewtwo/
148,Mew,136.00,https://scrapeme.live/wp-content/uploads/2018/08/151-350x350.png,https://scrapeme.live/shop/Mew/
149,Chikorita,127.00,https://scrapeme.live/wp-content/uploads/2018/08/152-350x350.png,https://scrapeme.live/shop/Chikorita/
150,Bayleef,44.00,https://scrapeme.live/wp-content/uploads/2018/08/153-350x350.png,https://scrapeme.live/shop/Bayleef/
151,Meganium,163.00,https://scrapeme.live/wp-content/uploads/2018/08/154-350x350.png,https://scrapeme.live/shop/Meganium/
152,Cyndaquil,154.00,https://scrapeme.live/wp-content/uploads/2018/08/155-350x350.png,https://scrapeme.live/shop/Cyndaquil/
153,Quilava,85.00,https://scrapeme.live/wp-content/uploads/2018/08/156-350x350.png,https://scrapeme.live/shop/Quilava/
154,Typhlosion,191.00,https://scrapeme.live/wp-content/uploads/2018/08/157-350x350.png,https://scrapeme.live/shop/Typhlosion/
155,Totodile,190.00,https://scrapeme.live/wp-content/uploads/2018/08/158-350x350.png,https://scrapeme.live/shop/Totodile/
156,Croconaw,175.00,https://scrapeme.live/wp-content/uploads/2018/08/159-350x350.png,https://scrapeme.live/shop/Croconaw/
157,Feraligatr,183.00,https://scrapeme.live/wp-content/uploads/2018/08/160-350x350.png,https://scrapeme.live/shop/Feraligatr/
158,Sentret,48.00,https://scrapeme.live/wp-content/uploads/2018/08/161-350x350.png,https://scrapeme.live/shop/Sentret/
159,Furret,154.00,https://scrapeme.live/wp-content/uploads/2018/08/162-350x350.png,https://scrapeme.live/shop/Furret/
160,Hoothoot,48.00,https://scrapeme.live/wp-content/uploads/2018/08/163-350x350.png,https://scrapeme.live/shop/Hoothoot/
161,Noctowl,170.00,https://scrapeme.live/wp-content/uploads/2018/08/164-350x350.png,https://scrapeme.live/shop/Noctowl/
162,Ledyba,98.00,https://scrapeme.live/wp-content/uploads/2018/08/165-350x350.png,https://scrapeme.live/shop/Ledyba/
163,Ledian,136.00,https://scrapeme.live/wp-content/uploads/2018/08/166-350x350.png,https://scrapeme.live/shop/Ledian/
164,Spinarak,199.00,https://scrapeme.live/wp-content/uploads/2018/08/167-350x350.png,https://scrapeme.live/shop/Spinarak/
165,Ariados,85.00,https://scrapeme.live/wp-content/uploads/2018/08/168-350x350.png,https://scrapeme.live/shop/Ariados/
166,Crobat,195.00,https://scrapeme.live/wp-content/uploads/2018/08/169-350x350.png,https://scrapeme.live/shop/Crobat/
167,Chinchou,59.00,https://scrapeme.live/wp-content/uploads/2018/08/170-350x350.png,https://scrapeme.live/shop/Chinchou/
168,Lanturn,131.00,https://scrapeme.live/wp-content/uploads/2018/08/171-350x350.png,https://scrapeme.live/shop/Lanturn/
169,Pichu,193.00,https://scrapeme.live/wp-content/uploads/2018/08/172-350x350.png,https://scrapeme.live/shop/Pichu/
170,Cleffa,107.00,https://scrapeme.live/wp-content/uploads/2018/08/173-350x350.png,https://scrapeme.live/shop/Cleffa/
171,Igglybuff,189.00,https://scrapeme.live/wp-content/uploads/2018/08/174-350x350.png,https://scrapeme.live/shop/Igglybuff/
172,Togepi,47.00,https://scrapeme.live/wp-content/uploads/2018/08/175-350x350.png,https://scrapeme.live/shop/Togepi/
173,Togetic,69.00,https://scrapeme.live/wp-content/uploads/2018/08/176-350x350.png,https://scrapeme.live/shop/Togetic/
174,Natu,99.00,https://scrapeme.live/wp-content/uploads/2018/08/177-350x350.png,https://scrapeme.live/shop/Natu/
175,Xatu,123.00,https://scrapeme.live/wp-content/uploads/2018/08/178-350x350.png,https://scrapeme.live/shop/Xatu/
176,Mareep,79.00,https://scrapeme.live/wp-content/uploads/2018/08/179-350x350.png,https://scrapeme.live/shop/Mareep/
177,Flaaffy,163.00,https://scrapeme.live/wp-content/uploads/2018/08/180-350x350.png,https://scrapeme.live/shop/Flaaffy/
178,Ampharos,41.00,https://scrapeme.live/wp-content/uploads/2018/08/181-350x350.png,https://scrapeme.live/shop/Ampharos/
179,Bellossom,25.00,https://scrapeme.live/wp-content/uploads/2018/08/182-350x350.png,https://scrapeme.live/shop/Bellossom/
180,Marill,127.00,https://scrapeme.live/wp-content/uploads/2018/08/183-350x350.png,https://scrapeme.live/shop/Marill/
181,Azumarill,175.00,https://scrapeme.live/wp-content/uploads/2018/08/184-350x350.png,https://scrapeme.live/shop/Azumarill/
182,Sudowoodo,54.00,https://scrapeme.live/wp-content/uploads/2018/08/185-350x350.png,https://scrapeme.live/shop/Sudowoodo/
183,Politoed,193.00,https://scrapeme.live/wp-content/uploads/2018/08/186-350x350.png,https://scrapeme.live/shop/Politoed/
184,Hoppip,107.00,https://scrapeme.live/wp-content/uploads/2018/08/187-350x350.png,https://scrapeme.live/shop/Hoppip/
185,Skiploom,185.00,https://scrapeme.live/wp-content/uploads/2018/08/188-350x350.png,https://scrapeme.live/shop/Skiploom/
186,Jumpluff,107.00,https://scrapeme.live/wp-content/uploads/2018/08/189-350x350.png,https://scrapeme.live/shop/Jumpluff/
187,Aipom,182.00,https://scrapeme.live/wp-content/uploads/2018/08/190-350x350.png,https://scrapeme.live/shop/Aipom/
188,Sunkern,150.00,https://scrapeme.live/wp-content/uploads/2018/08/191-350x350.png,https://scrapeme.live/shop/Sunkern/
189,Sunflora,33.00,https://scrapeme.live/wp-content/uploads/2018/08/192-350x350.png,https://scrapeme.live/shop/Sunflora/
190,Yanma,130.00,https://scrapeme.live/wp-content/uploads/2018/08/193-350x350.png,https://scrapeme.live/shop/Yanma/
191,Wooper,98.00,https://scrapeme.live/wp-content/uploads/2018/08/194-350x350.png,https://scrapeme.live/shop/Wooper/
192,Quagsire,37.00,https://scrapeme.live/wp-content/uploads/2018/08/195-350x350.png,https://scrapeme.live/shop/Quagsire/
193,Espeon,177.00,https://scrapeme.live/wp-content/uploads/2018/08/196-350x350.png,https://scrapeme.live/shop/Espeon/
194,Umbreon,78.00,https://scrapeme.live/wp-content/uploads/2018/08/197-350x350.png,https://scrapeme.live/shop/Umbreon/
195,Murkrow,178.00,https://scrapeme.live/wp-content/uploads/2018/08/198-350x350.png,https://scrapeme.live/shop/Murkrow/
196,Slowking,174.00,https://scrapeme.live/wp-content/uploads/2018/08/199-350x350.png,https://scrapeme.live/shop/Slowking/
197,Misdreavus,33.00,https://scrapeme.live/wp-content/uploads/2018/08/200-350x350.png,https://scrapeme.live/shop/Misdreavus/
198,Unown,198.00,https://scrapeme.live/wp-content/uploads/2018/08/201-350x350.png,https://scrapeme.live/shop/Unown/
199,Wobbuffet,107.00,https://scrapeme.live/wp-content/uploads/2018/08/202-350x350.png,https://scrapeme.live/shop/Wobbuffet/
200,Girafarig,99.00,https://scrapeme.live/wp-content/uploads/2018/08/203-350x350.png,https://scrapeme.live/shop/Girafarig/
201,Gligar,112.00,https://scrapeme.live/wp-content/uploads/2018/08/207-350x350.png,https://scrapeme.live/shop/Gligar/
202,Steelix,116.00,https://scrapeme.live/wp-content/uploads/2018/08/208-350x350.png,https://scrapeme.live/shop/Steelix/
203,Snubbull,63.00,https://scrapeme.live/wp-content/uploads/2018/08/209-350x350.png,https://scrapeme.live/shop/Snubbull/
204,Granbull,59.00,https://scrapeme.live/wp-content/uploads/2018/08/210-350x350.png,https://scrapeme.live/shop/Granbull/
205,Qwilfish,77.00,https://scrapeme.live/wp-content/uploads/2018/08/211-350x350.png,https://scrapeme.live/shop/Qwilfish/
206,Scizor,172.00,https://scrapeme.live/wp-content/uploads/2018/08/212-350x350.png,https://scrapeme.live/shop/Scizor/
207,Shuckle,194.00,https://scrapeme.live/wp-content/uploads/2018/08/213-350x350.png,https://scrapeme.live/shop/Shuckle/
208,Heracross,143.00,https://scrapeme.live/wp-content/uploads/2018/08/214-350x350.png,https://scrapeme.live/shop/Heracross/
209,Sneasel,108.00,https://scrapeme.live/wp-content/uploads/2018/08/215-350x350.png,https://scrapeme.live/shop/Sneasel/
210,Teddiursa,173.00,https://scrapeme.live/wp-content/uploads/2018/08/216-350x350.png,https://scrapeme.live/shop/Teddiursa/
211,Ursaring,31.00,https://scrapeme.live/wp-content/uploads/2018/08/217-350x350.png,https://scrapeme.live/shop/Ursaring/
212,Magcargo,36.00,https://scrapeme.live/wp-content/uploads/2018/08/219-350x350.png,https://scrapeme.live/shop/Magcargo/
213,Swinub,132.00,https://scrapeme.live/wp-content/uploads/2018/08/220-350x350.png,https://scrapeme.live/shop/Swinub/
214,Piloswine,84.00,https://scrapeme.live/wp-content/uploads/2018/08/221-350x350.png,https://scrapeme.live/shop/Piloswine/
215,Corsola,27.00,https://scrapeme.live/wp-content/uploads/2018/08/222-350x350.png,https://scrapeme.live/shop/Corsola/
216,Remoraid,122.00,https://scrapeme.live/wp-content/uploads/2018/08/223-350x350.png,https://scrapeme.live/shop/Remoraid/
217,Octillery,94.00,https://scrapeme.live/wp-content/uploads/2018/08/224-350x350.png,https://scrapeme.live/shop/Octillery/
218,Delibird,121.00,https://scrapeme.live/wp-content/uploads/2018/08/225-350x350.png,https://scrapeme.live/shop/Delibird/
219,Mantine,114.00,https://scrapeme.live/wp-content/uploads/2018/08/226-350x350.png,https://scrapeme.live/shop/Mantine/
220,Skarmory,199.00,https://scrapeme.live/wp-content/uploads/2018/08/227-350x350.png,https://scrapeme.live/shop/Skarmory/
221,Houndour,144.00,https://scrapeme.live/wp-content/uploads/2018/08/228-350x350.png,https://scrapeme.live/shop/Houndour/
222,Houndoom,78.00,https://scrapeme.live/wp-content/uploads/2018/08/229-350x350.png,https://scrapeme.live/shop/Houndoom/
223,Kingdra,124.00,https://scrapeme.live/wp-content/uploads/2018/08/230-350x350.png,https://scrapeme.live/shop/Kingdra/
224,Phanpy,129.00,https://scrapeme.live/wp-content/uploads/2018/08/231-350x350.png,https://scrapeme.live/shop/Phanpy/
225,Donphan,89.00,https://scrapeme.live/wp-content/uploads/2018/08/232-350x350.png,https://scrapeme.live/shop/Donphan/
226,Porygon2,151.00,https://scrapeme.live/wp-content/uploads/2018/08/233-350x350.png,https://scrapeme.live/shop/Porygon2/
227,Stantler,33.00,https://scrapeme.live/wp-content/uploads/2018/08/234-350x350.png,https://scrapeme.live/shop/Stantler/
228,Smeargle,151.00,https://scrapeme.live/wp-content/uploads/2018/08/235-350x350.png,https://scrapeme.live/shop/Smeargle/
229,Tyrogue,145.00,https://scrapeme.live/wp-content/uploads/2018/08/236-350x350.png,https://scrapeme.live/shop/Tyrogue/
230,Hitmontop,149.00,https://scrapeme.live/wp-content/uploads/2018/08/237-350x350.png,https://scrapeme.live/shop/Hitmontop/
231,Smoochum,166.00,https://scrapeme.live/wp-content/uploads/2018/08/238-350x350.png,https://scrapeme.live/shop/Smoochum/
232,Elekid,104.00,https://scrapeme.live/wp-content/uploads/2018/08/239-350x350.png,https://scrapeme.live/shop/Elekid/
233,Magby,40.00,https://scrapeme.live/wp-content/uploads/2018/08/240-350x350.png,https://scrapeme.live/shop/Magby/
234,Miltank,26.00,https://scrapeme.live/wp-content/uploads/2018/08/241-350x350.png,https://scrapeme.live/shop/Miltank/
235,Blissey,31.00,https://scrapeme.live/wp-content/uploads/2018/08/242-350x350.png,https://scrapeme.live/shop/Blissey/
236,Raikou,66.00,https://scrapeme.live/wp-content/uploads/2018/08/243-350x350.png,https://scrapeme.live/shop/Raikou/
237,Entei,27.00,https://scrapeme.live/wp-content/uploads/2018/08/244-350x350.png,https://scrapeme.live/shop/Entei/
238,Suicune,68.00,https://scrapeme.live/wp-content/uploads/2018/08/245-350x350.png,https://scrapeme.live/shop/Suicune/
239,Larvitar,26.00,https://scrapeme.live/wp-content/uploads/2018/08/246-350x350.png,https://scrapeme.live/shop/Larvitar/
240,Pupitar,114.00,https://scrapeme.live/wp-content/uploads/2018/08/247-350x350.png,https://scrapeme.live/shop/Pupitar/
241,Tyranitar,190.00,https://scrapeme.live/wp-content/uploads/2018/08/248-350x350.png,https://scrapeme.live/shop/Tyranitar/
242,Lugia,86.00,https://scrapeme.live/wp-content/uploads/2018/08/249-350x350.png,https://scrapeme.live/shop/Lugia/
243,Ho-oh,91.00,https://scrapeme.live/wp-content/uploads/2018/08/250-350x350.png,https://scrapeme.live/shop/Ho-oh/
244,Celebi,111.00,https://scrapeme.live/wp-content/uploads/2018/08/251-350x350.png,https://scrapeme.live/shop/Celebi/
245,Treecko,96.00,https://scrapeme.live/wp-content/uploads/2018/08/252-350x350.png,https://scrapeme.live/shop/Treecko/
246,Grovyle,190.00,https://scrapeme.live/wp-content/uploads/2018/08/253-350x350.png,https://scrapeme.live/shop/Grovyle/
247,Sceptile,37.00,https://scrapeme.live/wp-content/uploads/2018/08/254-350x350.png,https://scrapeme.live/shop/Sceptile/
248,Torchic,28.00,https://scrapeme.live/wp-content/uploads/2018/08/255-350x350.png,https://scrapeme.live/shop/Torchic/
249,Combusken,68.00,https://scrapeme.live/wp-content/uploads/2018/08/256-350x350.png,https://scrapeme.live/shop/Combusken/
250,Blaziken,40.00,https://scrapeme.live/wp-content/uploads/2018/08/257-350x350.png,https://scrapeme.live/shop/Blaziken/
251,Mudkip,140.00,https://scrapeme.live/wp-content/uploads/2018/08/258-350x350.png,https://scrapeme.live/shop/Mudkip/
252,Marshtomp,152.00,https://scrapeme.live/wp-content/uploads/2018/08/259-350x350.png,https://scrapeme.live/shop/Marshtomp/
253,Swampert,144.00,https://scrapeme.live/wp-content/uploads/2018/08/260-350x350.png,https://scrapeme.live/shop/Swampert/
254,Poochyena,130.00,https://scrapeme.live/wp-content/uploads/2018/08/261-350x350.png,https://scrapeme.live/shop/Poochyena/
255,Mightyena,175.00,https://scrapeme.live/wp-content/uploads/2018/08/262-350x350.png,https://scrapeme.live/shop/Mightyena/
256,Zigzagoon,83.00,https://scrapeme.live/wp-content/uploads/2018/08/263-350x350.png,https://scrapeme.live/shop/Zigzagoon/
257,Linoone,81.00,https://scrapeme.live/wp-content/uploads/2018/08/264-350x350.png,https://scrapeme.live/shop/Linoone/
258,Wurmple,195.00,https://scrapeme.live/wp-content/uploads/2018/08/265-350x350.png,https://scrapeme.live/shop/Wurmple/
259,Silcoon,80.00,https://scrapeme.live/wp-content/uploads/2018/08/266-350x350.png,https://scrapeme.live/shop/Silcoon/
260,Beautifly,145.00,https://scrapeme.live/wp-content/uploads/2018/08/267-350x350.png,https://scrapeme.live/shop/Beautifly/
261,Cascoon,166.00,https://scrapeme.live/wp-content/uploads/2018/08/268-350x350.png,https://scrapeme.live/shop/Cascoon/
262,Dustox,91.00,https://scrapeme.live/wp-content/uploads/2018/08/269-350x350.png,https://scrapeme.live/shop/Dustox/
263,Lotad,161.00,https://scrapeme.live/wp-content/uploads/2018/08/270-350x350.png,https://scrapeme.live/shop/Lotad/
264,Lombre,79.00,https://scrapeme.live/wp-content/uploads/2018/08/271-350x350.png,https://scrapeme.live/shop/Lombre/
265,Ludicolo,189.00,https://scrapeme.live/wp-content/uploads/2018/08/272-350x350.png,https://scrapeme.live/shop/Ludicolo/
266,Seedot,26.00,https://scrapeme.live/wp-content/uploads/2018/08/273-350x350.png,https://scrapeme.live/shop/Seedot/
267,Nuzleaf,26.00,https://scrapeme.live/wp-content/uploads/2018/08/274-350x350.png,https://scrapeme.live/shop/Nuzleaf/
268,Shiftry,157.00,https://scrapeme.live/wp-content/uploads/2018/08/275-350x350.png,https://scrapeme.live/shop/Shiftry/
269,Taillow,85.00,https://scrapeme.live/wp-content/uploads/2018/08/276-350x350.png,https://scrapeme.live/shop/Taillow/
270,Swellow,88.00,https://scrapeme.live/wp-content/uploads/2018/08/277-350x350.png,https://scrapeme.live/shop/Swellow/
271,Wingull,153.00,https://scrapeme.live/wp-content/uploads/2018/08/278-350x350.png,https://scrapeme.live/shop/Wingull/
272,Pelipper,158.00,https://scrapeme.live/wp-content/uploads/2018/08/279-350x350.png,https://scrapeme.live/shop/Pelipper/
273,Ralts,151.00,https://scrapeme.live/wp-content/uploads/2018/08/280-350x350.png,https://scrapeme.live/shop/Ralts/
274,Kirlia,186.00,https://scrapeme.live/wp-content/uploads/2018/08/281-350x350.png,https://scrapeme.live/shop/Kirlia/
275,Gardevoir,34.00,https://scrapeme.live/wp-content/uploads/2018/08/282-350x350.png,https://scrapeme.live/shop/Gardevoir/
276,Surskit,112.00,https://scrapeme.live/wp-content/uploads/2018/08/283-350x350.png,https://scrapeme.live/shop/Surskit/
277,Masquerain,39.00,https://scrapeme.live/wp-content/uploads/2018/08/284-350x350.png,https://scrapeme.live/shop/Masquerain/
278,Shroomish,31.00,https://scrapeme.live/wp-content/uploads/2018/08/285-350x350.png,https://scrapeme.live/shop/Shroomish/
279,Breloom,113.00,https://scrapeme.live/wp-content/uploads/2018/08/286-350x350.png,https://scrapeme.live/shop/Breloom/
280,Slakoth,69.00,https://scrapeme.live/wp-content/uploads/2018/08/287-350x350.png,https://scrapeme.live/shop/Slakoth/
281,Vigoroth,25.00,https://scrapeme.live/wp-content/uploads/2018/08/288-350x350.png,https://scrapeme.live/shop/Vigoroth/
282,Slaking,119.00,https://scrapeme.live/wp-content/uploads/2018/08/289-350x350.png,https://scrapeme.live/shop/Slaking/
283,Nincada,38.00,https://scrapeme.live/wp-content/uploads/2018/08/290-350x350.png,https://scrapeme.live/shop/Nincada/
284,Ninjask,161.00,https://scrapeme.live/wp-content/uploads/2018/08/291-350x350.png,https://scrapeme.live/shop/Ninjask/
285,Shedinja,128.00,https://scrapeme.live/wp-content/uploads/2018/08/292-350x350.png,https://scrapeme.live/shop/Shedinja/
286,Whismur,137.00,https://scrapeme.live/wp-content/uploads/2018/08/293-350x350.png,https://scrapeme.live/shop/Whismur/
287,Loudred,145.00,https://scrapeme.live/wp-content/uploads/2018/08/294-350x350.png,https://scrapeme.live/shop/Loudred/
288,Exploud,161.00,https://scrapeme.live/wp-content/uploads/2018/08/295-350x350.png,https://scrapeme.live/shop/Exploud/
289,Makuhita,30.00,https://scrapeme.live/wp-content/uploads/2018/08/296-350x350.png,https://scrapeme.live/shop/Makuhita/
290,Hariyama,176.00,https://scrapeme.live/wp-content/uploads/2018/08/297-350x350.png,https://scrapeme.live/shop/Hariyama/
291,Azurill,70.00,https://scrapeme.live/wp-content/uploads/2018/08/298-350x350.png,https://scrapeme.live/shop/Azurill/
292,Nosepass,41.00,https://scrapeme.live/wp-content/uploads/2018/08/299-350x350.png,https://scrapeme.live/shop/Nosepass/
293,Skitty,156.00,https://scrapeme.live/wp-content/uploads/2018/08/300-350x350.png,https://scrapeme.live/shop/Skitty/
294,Delcatty,170.00,https://scrapeme.live/wp-content/uploads/2018/08/301-350x350.png,https://scrapeme.live/shop/Delcatty/
295,Sableye,81.00,https://scrapeme.live/wp-content/uploads/2018/08/302-350x350.png,https://scrapeme.live/shop/Sableye/
296,Mawile,119.00,https://scrapeme.live/wp-content/uploads/2018/08/303-350x350.png,https://scrapeme.live/shop/Mawile/
297,Aron,149.00,https://scrapeme.live/wp-content/uploads/2018/08/304-350x350.png,https://scrapeme.live/shop/Aron/
298,Lairon,70.00,https://scrapeme.live/wp-content/uploads/2018/08/305-350x350.png,https://scrapeme.live/shop/Lairon/
299,Aggron,140.00,https://scrapeme.live/wp-content/uploads/2018/08/306-350x350.png,https://scrapeme.live/shop/Aggron/
300,Meditite,97.00,https://scrapeme.live/wp-content/uploads/2018/08/307-350x350.png,https://scrapeme.live/shop/Meditite/
301,Medicham,77.00,https://scrapeme.live/wp-content/uploads/2018/08/308-350x350.png,https://scrapeme.live/shop/Medicham/
302,Electrike,145.00,https://scrapeme.live/wp-content/uploads/2018/08/309-350x350.png,https://scrapeme.live/shop/Electrike/
303,Manectric,76.00,https://scrapeme.live/wp-content/uploads/2018/08/310-350x350.png,https://scrapeme.live/shop/Manectric/
304,Plusle,56.00,https://scrapeme.live/wp-content/uploads/2018/08/311-350x350.png,https://scrapeme.live/shop/Plusle/
305,Minun,193.00,https://scrapeme.live/wp-content/uploads/2018/08/312-350x350.png,https://scrapeme.live/shop/Minun/
306,Volbeat,123.00,https://scrapeme.live/wp-content/uploads/2018/08/313-350x350.png,https://scrapeme.live/shop/Volbeat/
307,Illumise,167.00,https://scrapeme.live/wp-content/uploads/2018/08/314-350x350.png,https://scrapeme.live/shop/Illumise/
308,Roselia,90.00,https://scrapeme.live/wp-content/uploads/2018/08/315-350x350.png,https://scrapeme.live/shop/Roselia/
309,Gulpin,136.00,https://scrapeme.live/wp-content/uploads/2018/08/316-350x350.png,https://scrapeme.live/shop/Gulpin/
310,Swalot,130.00,https://scrapeme.live/wp-content/uploads/2018/08/317-350x350.png,https://scrapeme.live/shop/Swalot/
311,Carvanha,25.00,https://scrapeme.live/wp-content/uploads/2018/08/318-350x350.png,https://scrapeme.live/shop/Carvanha/
312,Sharpedo,129.00,https://scrapeme.live/wp-content/uploads/2018/08/319-350x350.png,https://scrapeme.live/shop/Sharpedo/
313,Wailmer,90.00,https://scrapeme.live/wp-content/uploads/2018/08/320-350x350.png,https://scrapeme.live/shop/Wailmer/
314,Wailord,150.00,https://scrapeme.live/wp-content/uploads/2018/08/321-350x350.png,https://scrapeme.live/shop/Wailord/
315,Numel,170.00,https://scrapeme.live/wp-content/uploads/2018/08/322-350x350.png,https://scrapeme.live/shop/Numel/
316,Camerupt,124.00,https://scrapeme.live/wp-content/uploads/2018/08/323-350x350.png,https://scrapeme.live/shop/Camerupt/
317,Torkoal,98.00,https://scrapeme.live/wp-content/uploads/2018/08/324-350x350.png,https://scrapeme.live/shop/Torkoal/
318,Spoink,163.00,https://scrapeme.live/wp-content/uploads/2018/08/325-350x350.png,https://scrapeme.live/shop/Spoink/
319,Grumpig,182.00,https://scrapeme.live/wp-content/uploads/2018/08/326-350x350.png,https://scrapeme.live/shop/Grumpig/
320,Spinda,149.00,https://scrapeme.live/wp-content/uploads/2018/08/327-350x350.png,https://scrapeme.live/shop/Spinda/
321,Trapinch,116.00,https://scrapeme.live/wp-content/uploads/2018/08/328-350x350.png,https://scrapeme.live/shop/Trapinch/
322,Vibrava,200.00,https://scrapeme.live/wp-content/uploads/2018/08/329-350x350.png,https://scrapeme.live/shop/Vibrava/
323,Flygon,174.00,https://scrapeme.live/wp-content/uploads/2018/08/330-350x350.png,https://scrapeme.live/shop/Flygon/
324,Cacnea,105.00,https://scrapeme.live/wp-content/uploads/2018/08/331-350x350.png,https://scrapeme.live/shop/Cacnea/
325,Cacturne,31.00,https://scrapeme.live/wp-content/uploads/2018/08/332-350x350.png,https://scrapeme.live/shop/Cacturne/
326,Swablu,121.00,https://scrapeme.live/wp-content/uploads/2018/08/333-350x350.png,https://scrapeme.live/shop/Swablu/
327,Altaria,104.00,https://scrapeme.live/wp-content/uploads/2018/08/334-350x350.png,https://scrapeme.live/shop/Altaria/
328,Seviper,107.00,https://scrapeme.live/wp-content/uploads/2018/08/336-350x350.png,https://scrapeme.live/shop/Seviper/
329,Lunatone,177.00,https://scrapeme.live/wp-content/uploads/2018/08/337-350x350.png,https://scrapeme.live/shop/Lunatone/
330,Solrock,57.00,https://scrapeme.live/wp-content/uploads/2018/08/338-350x350.png,https://scrapeme.live/shop/Solrock/
331,Whiscash,179.00,https://scrapeme.live/wp-content/uploads/2018/08/340-350x350.png,https://scrapeme.live/shop/Whiscash/
332,Corphish,178.00,https://scrapeme.live/wp-content/uploads/2018/08/341-350x350.png,https://scrapeme.live/shop/Corphish/
333,Crawdaunt,173.00,https://scrapeme.live/wp-content/uploads/2018/08/342-350x350.png,https://scrapeme.live/shop/Crawdaunt/
334,Baltoy,167.00,https://scrapeme.live/wp-content/uploads/2018/08/343-350x350.png,https://scrapeme.live/shop/Baltoy/
335,Claydol,197.00,https://scrapeme.live/wp-content/uploads/2018/08/344-350x350.png,https://scrapeme.live/shop/Claydol/
336,Lileep,87.00,https://scrapeme.live/wp-content/uploads/2018/08/345-350x350.png,https://scrapeme.live/shop/Lileep/
337,Cradily,154.00,https://scrapeme.live/wp-content/uploads/2018/08/346-350x350.png,https://scrapeme.live/shop/Cradily/
338,Anorith,64.00,https://scrapeme.live/wp-content/uploads/2018/08/347-350x350.png,https://scrapeme.live/shop/Anorith/
339,Armaldo,42.00,https://scrapeme.live/wp-content/uploads/2018/08/348-350x350.png,https://scrapeme.live/shop/Armaldo/
340,Feebas,194.00,https://scrapeme.live/wp-content/uploads/2018/08/349-350x350.png,https://scrapeme.live/shop/Feebas/
341,Milotic,152.00,https://scrapeme.live/wp-content/uploads/2018/08/350-350x350.png,https://scrapeme.live/shop/Milotic/
342,Castform,119.00,https://scrapeme.live/wp-content/uploads/2018/08/351-350x350.png,https://scrapeme.live/shop/Castform/
343,Kecleon,100.00,https://scrapeme.live/wp-content/uploads/2018/08/352-350x350.png,https://scrapeme.live/shop/Kecleon/
344,Shuppet,174.00,https://scrapeme.live/wp-content/uploads/2018/08/353-350x350.png,https://scrapeme.live/shop/Shuppet/
345,Banette,104.00,https://scrapeme.live/wp-content/uploads/2018/08/354-350x350.png,https://scrapeme.live/shop/Banette/
346,Duskull,139.00,https://scrapeme.live/wp-content/uploads/2018/08/355-350x350.png,https://scrapeme.live/shop/Duskull/
347,Dusclops,39.00,https://scrapeme.live/wp-content/uploads/2018/08/356-350x350.png,https://scrapeme.live/shop/Dusclops/
348,Tropius,196.00,https://scrapeme.live/wp-content/uploads/2018/08/357-350x350.png,https://scrapeme.live/shop/Tropius/
349,Chimecho,51.00,https://scrapeme.live/wp-content/uploads/2018/08/358-350x350.png,https://scrapeme.live/shop/Chimecho/
350,Absol,134.00,https://scrapeme.live/wp-content/uploads/2018/08/359-350x350.png,https://scrapeme.live/shop/Absol/
351,Wynaut,168.00,https://scrapeme.live/wp-content/uploads/2018/08/360-350x350.png,https://scrapeme.live/shop/Wynaut/
352,Snorunt,82.00,https://scrapeme.live/wp-content/uploads/2018/08/361-350x350.png,https://scrapeme.live/shop/Snorunt/
353,Glalie,178.00,https://scrapeme.live/wp-content/uploads/2018/08/362-350x350.png,https://scrapeme.live/shop/Glalie/
354,Spheal,193.00,https://scrapeme.live/wp-content/uploads/2018/08/363-350x350.png,https://scrapeme.live/shop/Spheal/
355,Sealeo,160.00,https://scrapeme.live/wp-content/uploads/2018/08/364-350x350.png,https://scrapeme.live/shop/Sealeo/
356,Walrein,27.00,https://scrapeme.live/wp-content/uploads/2018/08/365-350x350.png,https://scrapeme.live/shop/Walrein/
357,Clamperl,48.00,https://scrapeme.live/wp-content/uploads/2018/08/366-350x350.png,https://scrapeme.live/shop/Clamperl/
358,Huntail,52.00,https://scrapeme.live/wp-content/uploads/2018/08/367-350x350.png,https://scrapeme.live/shop/Huntail/
359,Gorebyss,150.00,https://scrapeme.live/wp-content/uploads/2018/08/368-350x350.png,https://scrapeme.live/shop/Gorebyss/
360,Relicanth,157.00,https://scrapeme.live/wp-content/uploads/2018/08/369-350x350.png,https://scrapeme.live/shop/Relicanth/
361,Luvdisc,44.00,https://scrapeme.live/wp-content/uploads/2018/08/370-350x350.png,https://scrapeme.live/shop/Luvdisc/
362,Bagon,34.00,https://scrapeme.live/wp-content/uploads/2018/08/371-350x350.png,https://scrapeme.live/shop/Bagon/
363,Shelgon,56.00,https://scrapeme.live/wp-content/uploads/2018/08/372-350x350.png,https://scrapeme.live/shop/Shelgon/
364,Salamence,62.00,https://scrapeme.live/wp-content/uploads/2018/08/373-350x350.png,https://scrapeme.live/shop/Salamence/
365,Beldum,122.00,https://scrapeme.live/wp-content/uploads/2018/08/374-350x350.png,https://scrapeme.live/shop/Beldum/
366,Metang,78.00,https://scrapeme.live/wp-content/uploads/2018/08/375-350x350.png,https://scrapeme.live/shop/Metang/
367,Metagross,170.00,https://scrapeme.live/wp-content/uploads/2018/08/376-350x350.png,https://scrapeme.live/shop/Metagross/
368,Regirock,66.00,https://scrapeme.live/wp-content/uploads/2018/08/377-350x350.png,https://scrapeme.live/shop/Regirock/
369,Regice,165.00,https://scrapeme.live/wp-content/uploads/2018/08/378-350x350.png,https://scrapeme.live/shop/Regice/
370,Registeel,196.00,https://scrapeme.live/wp-content/uploads/2018/08/379-350x350.png,https://scrapeme.live/shop/Registeel/
371,Latias,126.00,https://scrapeme.live/wp-content/uploads/2018/08/380-350x350.png,https://scrapeme.live/shop/Latias/
372,Latios,166.00,https://scrapeme.live/wp-content/uploads/2018/08/381-350x350.png,https://scrapeme.live/shop/Latios/
373,Kyogre,27.00,https://scrapeme.live/wp-content/uploads/2018/08/382-350x350.png,https://scrapeme.live/shop/Kyogre/
374,Groudon,124.00,https://scrapeme.live/wp-content/uploads/2018/08/383-350x350.png,https://scrapeme.live/shop/Groudon/
375,Rayquaza,97.00,https://scrapeme.live/wp-content/uploads/2018/08/384-350x350.png,https://scrapeme.live/shop/Rayquaza/
376,Jirachi,111.00,https://scrapeme.live/wp-content/uploads/2018/08/385-350x350.png,https://scrapeme.live/shop/Jirachi/
377,Turtwig,101.00,https://scrapeme.live/wp-content/uploads/2018/08/387-350x350.png,https://scrapeme.live/shop/Turtwig/
378,Grotle,154.00,https://scrapeme.live/wp-content/uploads/2018/08/388-350x350.png,https://scrapeme.live/shop/Grotle/
379,Torterra,87.00,https://scrapeme.live/wp-content/uploads/2018/08/389-350x350.png,https://scrapeme.live/shop/Torterra/
380,Chimchar,143.00,https://scrapeme.live/wp-content/uploads/2018/08/390-350x350.png,https://scrapeme.live/shop/Chimchar/
381,Monferno,68.00,https://scrapeme.live/wp-content/uploads/2018/08/391-350x350.png,https://scrapeme.live/shop/Monferno/
382,Infernape,165.00,https://scrapeme.live/wp-content/uploads/2018/08/392-350x350.png,https://scrapeme.live/shop/Infernape/
383,Prinplup,177.00,https://scrapeme.live/wp-content/uploads/2018/08/394-350x350.png,https://scrapeme.live/shop/Prinplup/
384,Empoleon,42.00,https://scrapeme.live/wp-content/uploads/2018/08/395-350x350.png,https://scrapeme.live/shop/Empoleon/
385,Starly,59.00,https://scrapeme.live/wp-content/uploads/2018/08/396-350x350.png,https://scrapeme.live/shop/Starly/
386,Staravia,158.00,https://scrapeme.live/wp-content/uploads/2018/08/397-350x350.png,https://scrapeme.live/shop/Staravia/
387,Staraptor,42.00,https://scrapeme.live/wp-content/uploads/2018/08/398-350x350.png,https://scrapeme.live/shop/Staraptor/
388,Bidoof,128.00,https://scrapeme.live/wp-content/uploads/2018/08/399-350x350.png,https://scrapeme.live/shop/Bidoof/
389,Bibarel,114.00,https://scrapeme.live/wp-content/uploads/2018/08/400-350x350.png,https://scrapeme.live/shop/Bibarel/
390,Kricketot,94.00,https://scrapeme.live/wp-content/uploads/2018/08/401-350x350.png,https://scrapeme.live/shop/Kricketot/
391,Kricketune,53.00,https://scrapeme.live/wp-content/uploads/2018/08/402-350x350.png,https://scrapeme.live/shop/Kricketune/
392,Shinx,149.00,https://scrapeme.live/wp-content/uploads/2018/08/403-350x350.png,https://scrapeme.live/shop/Shinx/
393,Luxio,168.00,https://scrapeme.live/wp-content/uploads/2018/08/404-350x350.png,https://scrapeme.live/shop/Luxio/
394,Luxray,43.00,https://scrapeme.live/wp-content/uploads/2018/08/405-350x350.png,https://scrapeme.live/shop/Luxray/
395,Budew,171.00,https://scrapeme.live/wp-content/uploads/2018/08/406-350x350.png,https://scrapeme.live/shop/Budew/
396,Roserade,155.00,https://scrapeme.live/wp-content/uploads/2018/08/407-350x350.png,https://scrapeme.live/shop/Roserade/
397,Cranidos,47.00,https://scrapeme.live/wp-content/uploads/2018/08/408-350x350.png,https://scrapeme.live/shop/Cranidos/
398,Rampardos,196.00,https://scrapeme.live/wp-content/uploads/2018/08/409-350x350.png,https://scrapeme.live/shop/Rampardos/
399,Shieldon,42.00,https://scrapeme.live/wp-content/uploads/2018/08/410-350x350.png,https://scrapeme.live/shop/Shieldon/
400,Bastiodon,191.00,https://scrapeme.live/wp-content/uploads/2018/08/411-350x350.png,https://scrapeme.live/shop/Bastiodon/
401,Burmy,91.00,https://scrapeme.live/wp-content/uploads/2018/08/412-350x350.png,https://scrapeme.live/shop/Burmy/
402,Mothim,177.00,https://scrapeme.live/wp-content/uploads/2018/08/414-350x350.png,https://scrapeme.live/shop/Mothim/
403,Combee,111.00,https://scrapeme.live/wp-content/uploads/2018/08/415-350x350.png,https://scrapeme.live/shop/Combee/
404,Vespiquen,104.00,https://scrapeme.live/wp-content/uploads/2018/08/416-350x350.png,https://scrapeme.live/shop/Vespiquen/
405,Pachirisu,151.00,https://scrapeme.live/wp-content/uploads/2018/08/417-350x350.png,https://scrapeme.live/shop/Pachirisu/
406,Buizel,55.00,https://scrapeme.live/wp-content/uploads/2018/08/418-350x350.png,https://scrapeme.live/shop/Buizel/
407,Floatzel,40.00,https://scrapeme.live/wp-content/uploads/2018/08/419-350x350.png,https://scrapeme.live/shop/Floatzel/
408,Cherubi,101.00,https://scrapeme.live/wp-content/uploads/2018/08/420-350x350.png,https://scrapeme.live/shop/Cherubi/
409,Cherrim,161.00,https://scrapeme.live/wp-content/uploads/2018/08/421-350x350.png,https://scrapeme.live/shop/Cherrim/
410,Shellos,163.00,https://scrapeme.live/wp-content/uploads/2018/08/422-350x350.png,https://scrapeme.live/shop/Shellos/
411,Gastrodon,148.00,https://scrapeme.live/wp-content/uploads/2018/08/423-350x350.png,https://scrapeme.live/shop/Gastrodon/
412,Ambipom,36.00,https://scrapeme.live/wp-content/uploads/2018/08/424-350x350.png,https://scrapeme.live/shop/Ambipom/
413,Drifloon,70.00,https://scrapeme.live/wp-content/uploads/2018/08/425-350x350.png,https://scrapeme.live/shop/Drifloon/
414,Drifblim,36.00,https://scrapeme.live/wp-content/uploads/2018/08/426-350x350.png,https://scrapeme.live/shop/Drifblim/
415,Buneary,180.00,https://scrapeme.live/wp-content/uploads/2018/08/427-350x350.png,https://scrapeme.live/shop/Buneary/
416,Lopunny,123.00,https://scrapeme.live/wp-content/uploads/2018/08/428-350x350.png,https://scrapeme.live/shop/Lopunny/
417,Mismagius,38.00,https://scrapeme.live/wp-content/uploads/2018/08/429-350x350.png,https://scrapeme.live/shop/Mismagius/
418,Honchkrow,47.00,https://scrapeme.live/wp-content/uploads/2018/08/430-350x350.png,https://scrapeme.live/shop/Honchkrow/
419,Glameow,39.00,https://scrapeme.live/wp-content/uploads/2018/08/431-350x350.png,https://scrapeme.live/shop/Glameow/
420,Purugly,128.00,https://scrapeme.live/wp-content/uploads/2018/08/432-350x350.png,https://scrapeme.live/shop/Purugly/
421,Stunky,106.00,https://scrapeme.live/wp-content/uploads/2018/08/434-350x350.png,https://scrapeme.live/shop/Stunky/
422,Skuntank,112.00,https://scrapeme.live/wp-content/uploads/2018/08/435-350x350.png,https://scrapeme.live/shop/Skuntank/
423,Bronzong,110.00,https://scrapeme.live/wp-content/uploads/2018/08/437-350x350.png,https://scrapeme.live/shop/Bronzong/
424,Bonsly,106.00,https://scrapeme.live/wp-content/uploads/2018/08/438-350x350.png,https://scrapeme.live/shop/Bonsly/
425,Mime-jr,170.00,https://scrapeme.live/wp-content/uploads/2018/08/439-350x350.png,https://scrapeme.live/shop/Mime-jr/
426,Happiny,67.00,https://scrapeme.live/wp-content/uploads/2018/08/440-350x350.png,https://scrapeme.live/shop/Happiny/
427,Chatot,78.00,https://scrapeme.live/wp-content/uploads/2018/08/441-350x350.png,https://scrapeme.live/shop/Chatot/
428,Spiritomb,165.00,https://scrapeme.live/wp-content/uploads/2018/08/442-350x350.png,https://scrapeme.live/shop/Spiritomb/
429,Gible,194.00,https://scrapeme.live/wp-content/uploads/2018/08/443-350x350.png,https://scrapeme.live/shop/Gible/
430,Gabite,154.00,https://scrapeme.live/wp-content/uploads/2018/08/444-350x350.png,https://scrapeme.live/shop/Gabite/
431,Garchomp,62.00,https://scrapeme.live/wp-content/uploads/2018/08/445-350x350.png,https://scrapeme.live/shop/Garchomp/
432,Munchlax,190.00,https://scrapeme.live/wp-content/uploads/2018/08/446-350x350.png,https://scrapeme.live/shop/Munchlax/
433,Riolu,70.00,https://scrapeme.live/wp-content/uploads/2018/08/447-350x350.png,https://scrapeme.live/shop/Riolu/
434,Lucario,102.00,https://scrapeme.live/wp-content/uploads/2018/08/448-350x350.png,https://scrapeme.live/shop/Lucario/
435,Hippopotas,189.00,https://scrapeme.live/wp-content/uploads/2018/08/449-350x350.png,https://scrapeme.live/shop/Hippopotas/
436,Hippowdon,140.00,https://scrapeme.live/wp-content/uploads/2018/08/450-350x350.png,https://scrapeme.live/shop/Hippowdon/
437,Skorupi,51.00,https://scrapeme.live/wp-content/uploads/2018/08/451-350x350.png,https://scrapeme.live/shop/Skorupi/
438,Drapion,72.00,https://scrapeme.live/wp-content/uploads/2018/08/452-350x350.png,https://scrapeme.live/shop/Drapion/
439,Croagunk,145.00,https://scrapeme.live/wp-content/uploads/2018/08/453-350x350.png,https://scrapeme.live/shop/Croagunk/
440,Toxicroak,145.00,https://scrapeme.live/wp-content/uploads/2018/08/454-350x350.png,https://scrapeme.live/shop/Toxicroak/
441,Carnivine,60.00,https://scrapeme.live/wp-content/uploads/2018/08/455-350x350.png,https://scrapeme.live/shop/Carnivine/
442,Finneon,172.00,https://scrapeme.live/wp-content/uploads/2018/08/456-350x350.png,https://scrapeme.live/shop/Finneon/
443,Lumineon,72.00,https://scrapeme.live/wp-content/uploads/2018/08/457-350x350.png,https://scrapeme.live/shop/Lumineon/
444,Mantyke,121.00,https://scrapeme.live/wp-content/uploads/2018/08/458-350x350.png,https://scrapeme.live/shop/Mantyke/
445,Snover,104.00,https://scrapeme.live/wp-content/uploads/2018/08/459-350x350.png,https://scrapeme.live/shop/Snover/
446,Abomasnow,46.00,https://scrapeme.live/wp-content/uploads/2018/08/460-350x350.png,https://scrapeme.live/shop/Abomasnow/
447,Magnezone,190.00,https://scrapeme.live/wp-content/uploads/2018/08/462-350x350.png,https://scrapeme.live/shop/Magnezone/
448,Lickilicky,101.00,https://scrapeme.live/wp-content/uploads/2018/08/463-350x350.png,https://scrapeme.live/shop/Lickilicky/
449,Rhyperior,79.00,https://scrapeme.live/wp-content/uploads/2018/08/464-350x350.png,https://scrapeme.live/shop/Rhyperior/
450,Tangrowth,108.00,https://scrapeme.live/wp-content/uploads/2018/08/465-350x350.png,https://scrapeme.live/shop/Tangrowth/
451,Electivire,61.00,https://scrapeme.live/wp-content/uploads/2018/08/466-350x350.png,https://scrapeme.live/shop/Electivire/
452,Magmortar,200.00,https://scrapeme.live/wp-content/uploads/2018/08/467-350x350.png,https://scrapeme.live/shop/Magmortar/
453,Togekiss,158.00,https://scrapeme.live/wp-content/uploads/2018/08/468-350x350.png,https://scrapeme.live/shop/Togekiss/
454,Yanmega,121.00,https://scrapeme.live/wp-content/uploads/2018/08/469-350x350.png,https://scrapeme.live/shop/Yanmega/
455,Leafeon,93.00,https://scrapeme.live/wp-content/uploads/2018/08/470-350x350.png,https://scrapeme.live/shop/Leafeon/
456,Glaceon,142.00,https://scrapeme.live/wp-content/uploads/2018/08/471-350x350.png,https://scrapeme.live/shop/Glaceon/
457,Gliscor,28.00,https://scrapeme.live/wp-content/uploads/2018/08/472-350x350.png,https://scrapeme.live/shop/Gliscor/
458,Mamoswine,104.00,https://scrapeme.live/wp-content/uploads/2018/08/473-350x350.png,https://scrapeme.live/shop/Mamoswine/
459,Gallade,149.00,https://scrapeme.live/wp-content/uploads/2018/08/475-350x350.png,https://scrapeme.live/shop/Gallade/
460,Probopass,181.00,https://scrapeme.live/wp-content/uploads/2018/08/476-350x350.png,https://scrapeme.live/shop/Probopass/
461,Dusknoir,158.00,https://scrapeme.live/wp-content/uploads/2018/08/477-350x350.png,https://scrapeme.live/shop/Dusknoir/
462,Froslass,86.00,https://scrapeme.live/wp-content/uploads/2018/08/478-350x350.png,https://scrapeme.live/shop/Froslass/
463,Rotom,42.00,https://scrapeme.live/wp-content/uploads/2018/08/479-350x350.png,https://scrapeme.live/shop/Rotom/
464,Uxie,200.00,https://scrapeme.live/wp-content/uploads/2018/08/480-350x350.png,https://scrapeme.live/shop/Uxie/
465,Mesprit,25.00,https://scrapeme.live/wp-content/uploads/2018/08/481-350x350.png,https://scrapeme.live/shop/Mesprit/
466,Azelf,32.00,https://scrapeme.live/wp-content/uploads/2018/08/482-350x350.png,https://scrapeme.live/shop/Azelf/
467,Dialga,179.00,https://scrapeme.live/wp-content/uploads/2018/08/483-350x350.png,https://scrapeme.live/shop/Dialga/
468,Palkia,151.00,https://scrapeme.live/wp-content/uploads/2018/08/484-350x350.png,https://scrapeme.live/shop/Palkia/
469,Heatran,142.00,https://scrapeme.live/wp-content/uploads/2018/08/485-350x350.png,https://scrapeme.live/shop/Heatran/
470,Regigigas,77.00,https://scrapeme.live/wp-content/uploads/2018/08/486-350x350.png,https://scrapeme.live/shop/Regigigas/
471,Cresselia,34.00,https://scrapeme.live/wp-content/uploads/2018/08/488-350x350.png,https://scrapeme.live/shop/Cresselia/
472,Phione,155.00,https://scrapeme.live/wp-content/uploads/2018/08/489-350x350.png,https://scrapeme.live/shop/Phione/
473,Manaphy,74.00,https://scrapeme.live/wp-content/uploads/2018/08/490-350x350.png,https://scrapeme.live/shop/Manaphy/
474,Darkrai,59.00,https://scrapeme.live/wp-content/uploads/2018/08/491-350x350.png,https://scrapeme.live/shop/Darkrai/
475,Arceus,53.00,https://scrapeme.live/wp-content/uploads/2018/08/493-350x350.png,https://scrapeme.live/shop/Arceus/
476,Victini,109.00,https://scrapeme.live/wp-content/uploads/2018/08/494-350x350.png,https://scrapeme.live/shop/Victini/
477,Snivy,102.00,https://scrapeme.live/wp-content/uploads/2018/08/495-350x350.png,https://scrapeme.live/shop/Snivy/
478,Servine,154.00,https://scrapeme.live/wp-content/uploads/2018/08/496-350x350.png,https://scrapeme.live/shop/Servine/
479,Serperior,88.00,https://scrapeme.live/wp-content/uploads/2018/08/497-350x350.png,https://scrapeme.live/shop/Serperior/
480,Tepig,195.00,https://scrapeme.live/wp-content/uploads/2018/08/498-350x350.png,https://scrapeme.live/shop/Tepig/
481,Pignite,149.00,https://scrapeme.live/wp-content/uploads/2018/08/499-350x350.png,https://scrapeme.live/shop/Pignite/
482,Emboar,32.00,https://scrapeme.live/wp-content/uploads/2018/08/500-350x350.png,https://scrapeme.live/shop/Emboar/
483,Oshawott,194.00,https://scrapeme.live/wp-content/uploads/2018/08/501-350x350.png,https://scrapeme.live/shop/Oshawott/
484,Dewott,57.00,https://scrapeme.live/wp-content/uploads/2018/08/502-350x350.png,https://scrapeme.live/shop/Dewott/
485,Samurott,106.00,https://scrapeme.live/wp-content/uploads/2018/08/503-350x350.png,https://scrapeme.live/shop/Samurott/
486,Patrat,116.00,https://scrapeme.live/wp-content/uploads/2018/08/504-350x350.png,https://scrapeme.live/shop/Patrat/
487,Watchog,141.00,https://scrapeme.live/wp-content/uploads/2018/08/505-350x350.png,https://scrapeme.live/shop/Watchog/
488,Lillipup,28.00,https://scrapeme.live/wp-content/uploads/2018/08/506-350x350.png,https://scrapeme.live/shop/Lillipup/
489,Herdier,164.00,https://scrapeme.live/wp-content/uploads/2018/08/507-350x350.png,https://scrapeme.live/shop/Herdier/
490,Stoutland,37.00,https://scrapeme.live/wp-content/uploads/2018/08/508-350x350.png,https://scrapeme.live/shop/Stoutland/
491,Purrloin,167.00,https://scrapeme.live/wp-content/uploads/2018/08/509-350x350.png,https://scrapeme.live/shop/Purrloin/
492,Liepard,104.00,https://scrapeme.live/wp-content/uploads/2018/08/510-350x350.png,https://scrapeme.live/shop/Liepard/
493,Pansage,197.00,https://scrapeme.live/wp-content/uploads/2018/08/511-350x350.png,https://scrapeme.live/shop/Pansage/
494,Simisage,98.00,https://scrapeme.live/wp-content/uploads/2018/08/512-350x350.png,https://scrapeme.live/shop/Simisage/
495,Pansear,194.00,https://scrapeme.live/wp-content/uploads/2018/08/513-350x350.png,https://scrapeme.live/shop/Pansear/
496,Simisear,38.00,https://scrapeme.live/wp-content/uploads/2018/08/514-350x350.png,https://scrapeme.live/shop/Simisear/
497,Panpour,52.00,https://scrapeme.live/wp-content/uploads/2018/08/515-350x350.png,https://scrapeme.live/shop/Panpour/
498,Simipour,61.00,https://scrapeme.live/wp-content/uploads/2018/08/516-350x350.png,https://scrapeme.live/shop/Simipour/
499,Munna,172.00,https://scrapeme.live/wp-content/uploads/2018/08/517-350x350.png,https://scrapeme.live/shop/Munna/
500,Musharna,58.00,https://scrapeme.live/wp-content/uploads/2018/08/518-350x350.png,https://scrapeme.live/shop/Musharna/
501,Pidove,172.00,https://scrapeme.live/wp-content/uploads/2018/08/519-350x350.png,https://scrapeme.live/shop/Pidove/
502,Tranquill,199.00,https://scrapeme.live/wp-content/uploads/2018/08/520-350x350.png,https://scrapeme.live/shop/Tranquill/
503,Unfezant,135.00,https://scrapeme.live/wp-content/uploads/2018/08/521-350x350.png,https://scrapeme.live/shop/Unfezant/
504,Zebstrika,138.00,https://scrapeme.live/wp-content/uploads/2018/08/523-350x350.png,https://scrapeme.live/shop/Zebstrika/
505,Roggenrola,41.00,https://scrapeme.live/wp-content/uploads/2018/08/524-350x350.png,https://scrapeme.live/shop/Roggenrola/
506,Boldore,76.00,https://scrapeme.live/wp-content/uploads/2018/08/525-350x350.png,https://scrapeme.live/shop/Boldore/
507,Gigalith,67.00,https://scrapeme.live/wp-content/uploads/2018/08/526-350x350.png,https://scrapeme.live/shop/Gigalith/
508,Woobat,27.00,https://scrapeme.live/wp-content/uploads/2018/08/527-350x350.png,https://scrapeme.live/shop/Woobat/
509,Swoobat,49.00,https://scrapeme.live/wp-content/uploads/2018/08/528-350x350.png,https://scrapeme.live/shop/Swoobat/
510,Drilbur,132.00,https://scrapeme.live/wp-content/uploads/2018/08/529-350x350.png,https://scrapeme.live/shop/Drilbur/
511,Excadrill,36.00,https://scrapeme.live/wp-content/uploads/2018/08/530-350x350.png,https://scrapeme.live/shop/Excadrill/
512,Audino,95.00,https://scrapeme.live/wp-content/uploads/2018/08/531-350x350.png,https://scrapeme.live/shop/Audino/
513,Timburr,194.00,https://scrapeme.live/wp-content/uploads/2018/08/532-350x350.png,https://scrapeme.live/shop/Timburr/
514,Gurdurr,179.00,https://scrapeme.live/wp-content/uploads/2018/08/533-350x350.png,https://scrapeme.live/shop/Gurdurr/
515,Conkeldurr,72.00,https://scrapeme.live/wp-content/uploads/2018/08/534-350x350.png,https://scrapeme.live/shop/Conkeldurr/
516,Palpitoad,117.00,https://scrapeme.live/wp-content/uploads/2018/08/536-350x350.png,https://scrapeme.live/shop/Palpitoad/
517,Seismitoad,90.00,https://scrapeme.live/wp-content/uploads/2018/08/537-350x350.png,https://scrapeme.live/shop/Seismitoad/
518,Throh,43.00,https://scrapeme.live/wp-content/uploads/2018/08/538-350x350.png,https://scrapeme.live/shop/Throh/
519,Sawk,129.00,https://scrapeme.live/wp-content/uploads/2018/08/539-350x350.png,https://scrapeme.live/shop/Sawk/
520,Sewaddle,40.00,https://scrapeme.live/wp-content/uploads/2018/08/540-350x350.png,https://scrapeme.live/shop/Sewaddle/
521,Swadloon,107.00,https://scrapeme.live/wp-content/uploads/2018/08/541-350x350.png,https://scrapeme.live/shop/Swadloon/
522,Leavanny,130.00,https://scrapeme.live/wp-content/uploads/2018/08/542-350x350.png,https://scrapeme.live/shop/Leavanny/
523,Venipede,87.00,https://scrapeme.live/wp-content/uploads/2018/08/543-350x350.png,https://scrapeme.live/shop/Venipede/
524,Whirlipede,84.00,https://scrapeme.live/wp-content/uploads/2018/08/544-350x350.png,https://scrapeme.live/shop/Whirlipede/
525,Scolipede,153.00,https://scrapeme.live/wp-content/uploads/2018/08/545-350x350.png,https://scrapeme.live/shop/Scolipede/
526,Cottonee,77.00,https://scrapeme.live/wp-content/uploads/2018/08/546-350x350.png,https://scrapeme.live/shop/Cottonee/
527,Whimsicott,26.00,https://scrapeme.live/wp-content/uploads/2018/08/547-350x350.png,https://scrapeme.live/shop/Whimsicott/
528,Petilil,118.00,https://scrapeme.live/wp-content/uploads/2018/08/548-350x350.png,https://scrapeme.live/shop/Petilil/
529,Lilligant,137.00,https://scrapeme.live/wp-content/uploads/2018/08/549-350x350.png,https://scrapeme.live/shop/Lilligant/
530,Sandile,136.00,https://scrapeme.live/wp-content/uploads/2018/08/551-350x350.png,https://scrapeme.live/shop/Sandile/
531,Krokorok,135.00,https://scrapeme.live/wp-content/uploads/2018/08/552-350x350.png,https://scrapeme.live/shop/Krokorok/
532,Krookodile,185.00,https://scrapeme.live/wp-content/uploads/2018/08/553-350x350.png,https://scrapeme.live/shop/Krookodile/
533,Darumaka,106.00,https://scrapeme.live/wp-content/uploads/2018/08/554-350x350.png,https://scrapeme.live/shop/Darumaka/
534,Maractus,31.00,https://scrapeme.live/wp-content/uploads/2018/08/556-350x350.png,https://scrapeme.live/shop/Maractus/
535,Dwebble,75.00,https://scrapeme.live/wp-content/uploads/2018/08/557-350x350.png,https://scrapeme.live/shop/Dwebble/
536,Crustle,105.00,https://scrapeme.live/wp-content/uploads/2018/08/558-350x350.png,https://scrapeme.live/shop/Crustle/
537,Scraggy,112.00,https://scrapeme.live/wp-content/uploads/2018/08/559-350x350.png,https://scrapeme.live/shop/Scraggy/
538,Scrafty,137.00,https://scrapeme.live/wp-content/uploads/2018/08/560-350x350.png,https://scrapeme.live/shop/Scrafty/
539,Sigilyph,68.00,https://scrapeme.live/wp-content/uploads/2018/08/561-350x350.png,https://scrapeme.live/shop/Sigilyph/
540,Yamask,171.00,https://scrapeme.live/wp-content/uploads/2018/08/562-350x350.png,https://scrapeme.live/shop/Yamask/
541,Cofagrigus,160.00,https://scrapeme.live/wp-content/uploads/2018/08/563-350x350.png,https://scrapeme.live/shop/Cofagrigus/
542,Tirtouga,60.00,https://scrapeme.live/wp-content/uploads/2018/08/564-350x350.png,https://scrapeme.live/shop/Tirtouga/
543,Carracosta,158.00,https://scrapeme.live/wp-content/uploads/2018/08/565-350x350.png,https://scrapeme.live/shop/Carracosta/
544,Archen,140.00,https://scrapeme.live/wp-content/uploads/2018/08/566-350x350.png,https://scrapeme.live/shop/Archen/
545,Archeops,126.00,https://scrapeme.live/wp-content/uploads/2018/08/567-350x350.png,https://scrapeme.live/shop/Archeops/
546,Trubbish,169.00,https://scrapeme.live/wp-content/uploads/2018/08/568-350x350.png,https://scrapeme.live/shop/Trubbish/
547,Garbodor,178.00,https://scrapeme.live/wp-content/uploads/2018/08/569-350x350.png,https://scrapeme.live/shop/Garbodor/
548,Zorua,81.00,https://scrapeme.live/wp-content/uploads/2018/08/570-350x350.png,https://scrapeme.live/shop/Zorua/
549,Minccino,79.00,https://scrapeme.live/wp-content/uploads/2018/08/572-350x350.png,https://scrapeme.live/shop/Minccino/
550,Cinccino,154.00,https://scrapeme.live/wp-content/uploads/2018/08/573-350x350.png,https://scrapeme.live/shop/Cinccino/
551,Gothita,68.00,https://scrapeme.live/wp-content/uploads/2018/08/574-350x350.png,https://scrapeme.live/shop/Gothita/
552,Gothorita,189.00,https://scrapeme.live/wp-content/uploads/2018/08/575-350x350.png,https://scrapeme.live/shop/Gothorita/
553,Gothitelle,164.00,https://scrapeme.live/wp-content/uploads/2018/08/576-350x350.png,https://scrapeme.live/shop/Gothitelle/
554,Solosis,134.00,https://scrapeme.live/wp-content/uploads/2018/08/577-350x350.png,https://scrapeme.live/shop/Solosis/
555,Duosion,71.00,https://scrapeme.live/wp-content/uploads/2018/08/578-350x350.png,https://scrapeme.live/shop/Duosion/
556,Reuniclus,168.00,https://scrapeme.live/wp-content/uploads/2018/08/579-350x350.png,https://scrapeme.live/shop/Reuniclus/
557,Ducklett,159.00,https://scrapeme.live/wp-content/uploads/2018/08/580-350x350.png,https://scrapeme.live/shop/Ducklett/
558,Swanna,36.00,https://scrapeme.live/wp-content/uploads/2018/08/581-350x350.png,https://scrapeme.live/shop/Swanna/
559,Vanillite,108.00,https://scrapeme.live/wp-content/uploads/2018/08/582-350x350.png,https://scrapeme.live/shop/Vanillite/
560,Vanillish,93.00,https://scrapeme.live/wp-content/uploads/2018/08/583-350x350.png,https://scrapeme.live/shop/Vanillish/
561,Vanilluxe,89.00,https://scrapeme.live/wp-content/uploads/2018/08/584-350x350.png,https://scrapeme.live/shop/Vanilluxe/
562,Deerling,141.00,https://scrapeme.live/wp-content/uploads/2018/08/585-350x350.png,https://scrapeme.live/shop/Deerling/
563,Sawsbuck,76.00,https://scrapeme.live/wp-content/uploads/2018/08/586-350x350.png,https://scrapeme.live/shop/Sawsbuck/
564,Karrablast,41.00,https://scrapeme.live/wp-content/uploads/2018/08/588-350x350.png,https://scrapeme.live/shop/Karrablast/
565,Escavalier,189.00,https://scrapeme.live/wp-content/uploads/2018/08/589-350x350.png,https://scrapeme.live/shop/Escavalier/
566,Foongus,129.00,https://scrapeme.live/wp-content/uploads/2018/08/590-350x350.png,https://scrapeme.live/shop/Foongus/
567,Frillish,63.00,https://scrapeme.live/wp-content/uploads/2018/08/592-350x350.png,https://scrapeme.live/shop/Frillish/
568,Jellicent,114.00,https://scrapeme.live/wp-content/uploads/2018/08/593-350x350.png,https://scrapeme.live/shop/Jellicent/
569,Alomomola,35.00,https://scrapeme.live/wp-content/uploads/2018/08/594-350x350.png,https://scrapeme.live/shop/Alomomola/
570,Joltik,59.00,https://scrapeme.live/wp-content/uploads/2018/08/595-350x350.png,https://scrapeme.live/shop/Joltik/
571,Galvantula,57.00,https://scrapeme.live/wp-content/uploads/2018/08/596-350x350.png,https://scrapeme.live/shop/Galvantula/
572,Ferroseed,81.00,https://scrapeme.live/wp-content/uploads/2018/08/597-350x350.png,https://scrapeme.live/shop/Ferroseed/
573,Ferrothorn,182.00,https://scrapeme.live/wp-content/uploads/2018/08/598-350x350.png,https://scrapeme.live/shop/Ferrothorn/
574,Klink,75.00,https://scrapeme.live/wp-content/uploads/2018/08/599-350x350.png,https://scrapeme.live/shop/Klink/
575,Klang,162.00,https://scrapeme.live/wp-content/uploads/2018/08/600-350x350.png,https://scrapeme.live/shop/Klang/
576,Klinklang,178.00,https://scrapeme.live/wp-content/uploads/2018/08/601-350x350.png,https://scrapeme.live/shop/Klinklang/
577,Tynamo,82.00,https://scrapeme.live/wp-content/uploads/2018/08/602-350x350.png,https://scrapeme.live/shop/Tynamo/
578,Eelektrik,198.00,https://scrapeme.live/wp-content/uploads/2018/08/603-350x350.png,https://scrapeme.live/shop/Eelektrik/
579,Eelektross,123.00,https://scrapeme.live/wp-content/uploads/2018/08/604-350x350.png,https://scrapeme.live/shop/Eelektross/
580,Elgyem,107.00,https://scrapeme.live/wp-content/uploads/2018/08/605-350x350.png,https://scrapeme.live/shop/Elgyem/
581,Beheeyem,34.00,https://scrapeme.live/wp-content/uploads/2018/08/606-350x350.png,https://scrapeme.live/shop/Beheeyem/
582,Litwick,37.00,https://scrapeme.live/wp-content/uploads/2018/08/607-350x350.png,https://scrapeme.live/shop/Litwick/
583,Lampent,157.00,https://scrapeme.live/wp-content/uploads/2018/08/608-350x350.png,https://scrapeme.live/shop/Lampent/
584,Axew,123.00,https://scrapeme.live/wp-content/uploads/2018/08/610-350x350.png,https://scrapeme.live/shop/Axew/
585,Fraxure,64.00,https://scrapeme.live/wp-content/uploads/2018/08/611-350x350.png,https://scrapeme.live/shop/Fraxure/
586,Haxorus,135.00,https://scrapeme.live/wp-content/uploads/2018/08/612-350x350.png,https://scrapeme.live/shop/Haxorus/
587,Cubchoo,62.00,https://scrapeme.live/wp-content/uploads/2018/08/613-350x350.png,https://scrapeme.live/shop/Cubchoo/
588,Beartic,28.00,https://scrapeme.live/wp-content/uploads/2018/08/614-350x350.png,https://scrapeme.live/shop/Beartic/
589,Cryogonal,72.00,https://scrapeme.live/wp-content/uploads/2018/08/615-350x350.png,https://scrapeme.live/shop/Cryogonal/
590,Shelmet,190.00,https://scrapeme.live/wp-content/uploads/2018/08/616-350x350.png,https://scrapeme.live/shop/Shelmet/
591,Accelgor,129.00,https://scrapeme.live/wp-content/uploads/2018/08/617-350x350.png,https://scrapeme.live/shop/Accelgor/
592,Stunfisk,67.00,https://scrapeme.live/wp-content/uploads/2018/08/618-350x350.png,https://scrapeme.live/shop/Stunfisk/
593,Mienfoo,197.00,https://scrapeme.live/wp-content/uploads/2018/08/619-350x350.png,https://scrapeme.live/shop/Mienfoo/
594,Mienshao,50.00,https://scrapeme.live/wp-content/uploads/2018/08/620-350x350.png,https://scrapeme.live/shop/Mienshao/
595,Druddigon,110.00,https://scrapeme.live/wp-content/uploads/2018/08/621-350x350.png,https://scrapeme.live/shop/Druddigon/
596,Golett,89.00,https://scrapeme.live/wp-content/uploads/2018/08/622-350x350.png,https://scrapeme.live/shop/Golett/
597,Golurk,74.00,https://scrapeme.live/wp-content/uploads/2018/08/623-350x350.png,https://scrapeme.live/shop/Golurk/
598,Pawniard,37.00,https://scrapeme.live/wp-content/uploads/2018/08/624-350x350.png,https://scrapeme.live/shop/Pawniard/
599,Bisharp,129.00,https://scrapeme.live/wp-content/uploads/2018/08/625-350x350.png,https://scrapeme.live/shop/Bisharp/
600,Bouffalant,59.00,https://scrapeme.live/wp-content/uploads/2018/08/626-350x350.png,https://scrapeme.live/shop/Bouffalant/
601,Rufflet,60.00,https://scrapeme.live/wp-content/uploads/2018/08/627-350x350.png,https://scrapeme.live/shop/Rufflet/
602,Braviary,83.00,https://scrapeme.live/wp-content/uploads/2018/08/628-350x350.png,https://scrapeme.live/shop/Braviary/
603,Vullaby,61.00,https://scrapeme.live/wp-content/uploads/2018/08/629-350x350.png,https://scrapeme.live/shop/Vullaby/
604,Mandibuzz,89.00,https://scrapeme.live/wp-content/uploads/2018/08/630-350x350.png,https://scrapeme.live/shop/Mandibuzz/
605,Heatmor,81.00,https://scrapeme.live/wp-content/uploads/2018/08/631-350x350.png,https://scrapeme.live/shop/Heatmor/
606,Durant,28.00,https://scrapeme.live/wp-content/uploads/2018/08/632-350x350.png,https://scrapeme.live/shop/Durant/
607,Deino,63.00,https://scrapeme.live/wp-content/uploads/2018/08/633-350x350.png,https://scrapeme.live/shop/Deino/
608,Zweilous,199.00,https://scrapeme.live/wp-content/uploads/2018/08/634-350x350.png,https://scrapeme.live/shop/Zweilous/
609,Hydreigon,86.00,https://scrapeme.live/wp-content/uploads/2018/08/635-350x350.png,https://scrapeme.live/shop/Hydreigon/
610,Volcarona,94.00,https://scrapeme.live/wp-content/uploads/2018/08/637-350x350.png,https://scrapeme.live/shop/Volcarona/
611,Cobalion,111.00,https://scrapeme.live/wp-content/uploads/2018/08/638-350x350.png,https://scrapeme.live/shop/Cobalion/
612,Terrakion,87.00,https://scrapeme.live/wp-content/uploads/2018/08/639-350x350.png,https://scrapeme.live/shop/Terrakion/
613,Virizion,156.00,https://scrapeme.live/wp-content/uploads/2018/08/640-350x350.png,https://scrapeme.live/shop/Virizion/
614,Reshiram,147.00,https://scrapeme.live/wp-content/uploads/2018/08/643-350x350.png,https://scrapeme.live/shop/Reshiram/
615,Zekrom,135.00,https://scrapeme.live/wp-content/uploads/2018/08/644-350x350.png,https://scrapeme.live/shop/Zekrom/
616,Genesect,173.00,https://scrapeme.live/wp-content/uploads/2018/08/649-350x350.png,https://scrapeme.live/shop/Genesect/
617,Chespin,185.00,https://scrapeme.live/wp-content/uploads/2018/08/650-350x350.png,https://scrapeme.live/shop/Chespin/
618,Quilladin,161.00,https://scrapeme.live/wp-content/uploads/2018/08/651-350x350.png,https://scrapeme.live/shop/Quilladin/
619,Chesnaught,96.00,https://scrapeme.live/wp-content/uploads/2018/08/652-350x350.png,https://scrapeme.live/shop/Chesnaught/
620,Fennekin,123.00,https://scrapeme.live/wp-content/uploads/2018/08/653-350x350.png,https://scrapeme.live/shop/Fennekin/
621,Braixen,59.00,https://scrapeme.live/wp-content/uploads/2018/08/654-350x350.png,https://scrapeme.live/shop/Braixen/
622,Delphox,170.00,https://scrapeme.live/wp-content/uploads/2018/08/655-350x350.png,https://scrapeme.live/shop/Delphox/
623,Froakie,38.00,https://scrapeme.live/wp-content/uploads/2018/08/656-350x350.png,https://scrapeme.live/shop/Froakie/
624,Frogadier,125.00,https://scrapeme.live/wp-content/uploads/2018/08/657-350x350.png,https://scrapeme.live/shop/Frogadier/
625,Greninja,42.00,https://scrapeme.live/wp-content/uploads/2018/08/658-350x350.png,https://scrapeme.live/shop/Greninja/
626,Bunnelby,66.00,https://scrapeme.live/wp-content/uploads/2018/08/659-350x350.png,https://scrapeme.live/shop/Bunnelby/
627,Fletchling,43.00,https://scrapeme.live/wp-content/uploads/2018/08/661-350x350.png,https://scrapeme.live/shop/Fletchling/
628,Fletchinder,147.00,https://scrapeme.live/wp-content/uploads/2018/08/662-350x350.png,https://scrapeme.live/shop/Fletchinder/
629,Talonflame,84.00,https://scrapeme.live/wp-content/uploads/2018/08/663-350x350.png,https://scrapeme.live/shop/Talonflame/
630,Scatterbug,40.00,https://scrapeme.live/wp-content/uploads/2018/08/664-350x350.png,https://scrapeme.live/shop/Scatterbug/
631,Spewpa,155.00,https://scrapeme.live/wp-content/uploads/2018/08/665-350x350.png,https://scrapeme.live/shop/Spewpa/
632,Vivillon,177.00,https://scrapeme.live/wp-content/uploads/2018/08/666-350x350.png,https://scrapeme.live/shop/Vivillon/
633,Litleo,34.00,https://scrapeme.live/wp-content/uploads/2018/08/667-350x350.png,https://scrapeme.live/shop/Litleo/
634,Pyroar,127.00,https://scrapeme.live/wp-content/uploads/2018/08/668-350x350.png,https://scrapeme.live/shop/Pyroar/
635,Flabebe,79.00,https://scrapeme.live/wp-content/uploads/2018/08/669-350x350.png,https://scrapeme.live/shop/Flabebe/
636,Floette,149.00,https://scrapeme.live/wp-content/uploads/2018/08/670-350x350.png,https://scrapeme.live/shop/Floette/
637,Florges,93.00,https://scrapeme.live/wp-content/uploads/2018/08/671-350x350.png,https://scrapeme.live/shop/Florges/
638,Skiddo,129.00,https://scrapeme.live/wp-content/uploads/2018/08/672-350x350.png,https://scrapeme.live/shop/Skiddo/
639,Gogoat,97.00,https://scrapeme.live/wp-content/uploads/2018/08/673-350x350.png,https://scrapeme.live/shop/Gogoat/
640,Pangoro,76.00,https://scrapeme.live/wp-content/uploads/2018/08/675-350x350.png,https://scrapeme.live/shop/Pangoro/
641,Furfrou,165.00,https://scrapeme.live/wp-content/uploads/2018/08/676-350x350.png,https://scrapeme.live/shop/Furfrou/
642,Espurr,149.00,https://scrapeme.live/wp-content/uploads/2018/08/677-350x350.png,https://scrapeme.live/shop/Espurr/
643,Honedge,101.00,https://scrapeme.live/wp-content/uploads/2018/08/679-350x350.png,https://scrapeme.live/shop/Honedge/
644,Doublade,164.00,https://scrapeme.live/wp-content/uploads/2018/08/680-350x350.png,https://scrapeme.live/shop/Doublade/
645,Spritzee,58.00,https://scrapeme.live/wp-content/uploads/2018/08/682-350x350.png,https://scrapeme.live/shop/Spritzee/
646,Aromatisse,194.00,https://scrapeme.live/wp-content/uploads/2018/08/683-350x350.png,https://scrapeme.live/shop/Aromatisse/
647,Swirlix,90.00,https://scrapeme.live/wp-content/uploads/2018/08/684-350x350.png,https://scrapeme.live/shop/Swirlix/
648,Slurpuff,66.00,https://scrapeme.live/wp-content/uploads/2018/08/685-350x350.png,https://scrapeme.live/shop/Slurpuff/
649,Inkay,38.00,https://scrapeme.live/wp-content/uploads/2018/08/686-350x350.png,https://scrapeme.live/shop/Inkay/
650,Malamar,58.00,https://scrapeme.live/wp-content/uploads/2018/08/687-350x350.png,https://scrapeme.live/shop/Malamar/
651,Binacle,102.00,https://scrapeme.live/wp-content/uploads/2018/08/688-350x350.png,https://scrapeme.live/shop/Binacle/
652,Barbaracle,165.00,https://scrapeme.live/wp-content/uploads/2018/08/689-350x350.png,https://scrapeme.live/shop/Barbaracle/
653,Skrelp,63.00,https://scrapeme.live/wp-content/uploads/2018/08/690-350x350.png,https://scrapeme.live/shop/Skrelp/
654,Dragalge,151.00,https://scrapeme.live/wp-content/uploads/2018/08/691-350x350.png,https://scrapeme.live/shop/Dragalge/
655,Clauncher,29.00,https://scrapeme.live/wp-content/uploads/2018/08/692-350x350.png,https://scrapeme.live/shop/Clauncher/
656,Clawitzer,69.00,https://scrapeme.live/wp-content/uploads/2018/08/693-350x350.png,https://scrapeme.live/shop/Clawitzer/
657,Helioptile,62.00,https://scrapeme.live/wp-content/uploads/2018/08/694-350x350.png,https://scrapeme.live/shop/Helioptile/
658,Heliolisk,83.00,https://scrapeme.live/wp-content/uploads/2018/08/695-350x350.png,https://scrapeme.live/shop/Heliolisk/
659,Tyrunt,62.00,https://scrapeme.live/wp-content/uploads/2018/08/696-350x350.png,https://scrapeme.live/shop/Tyrunt/
660,Tyrantrum,26.00,https://scrapeme.live/wp-content/uploads/2018/08/697-350x350.png,https://scrapeme.live/shop/Tyrantrum/
661,Amaura,155.00,https://scrapeme.live/wp-content/uploads/2018/08/698-350x350.png,https://scrapeme.live/shop/Amaura/
662,Aurorus,189.00,https://scrapeme.live/wp-content/uploads/2018/08/699-350x350.png,https://scrapeme.live/shop/Aurorus/
663,Sylveon,48.00,https://scrapeme.live/wp-content/uploads/2018/08/700-350x350.png,https://scrapeme.live/shop/Sylveon/
664,Hawlucha,44.00,https://scrapeme.live/wp-content/uploads/2018/08/701-350x350.png,https://scrapeme.live/shop/Hawlucha/
665,Dedenne,118.00,https://scrapeme.live/wp-content/uploads/2018/08/702-350x350.png,https://scrapeme.live/shop/Dedenne/
666,Carbink,171.00,https://scrapeme.live/wp-content/uploads/2018/08/703-350x350.png,https://scrapeme.live/shop/Carbink/
667,Goomy,110.00,https://scrapeme.live/wp-content/uploads/2018/08/704-350x350.png,https://scrapeme.live/shop/Goomy/
668,Sliggoo,109.00,https://scrapeme.live/wp-content/uploads/2018/08/705-350x350.png,https://scrapeme.live/shop/Sliggoo/
669,Goodra,192.00,https://scrapeme.live/wp-content/uploads/2018/08/706-350x350.png,https://scrapeme.live/shop/Goodra/
670,Klefki,179.00,https://scrapeme.live/wp-content/uploads/2018/08/707-350x350.png,https://scrapeme.live/shop/Klefki/
671,Trevenant,53.00,https://scrapeme.live/wp-content/uploads/2018/08/709-350x350.png,https://scrapeme.live/shop/Trevenant/
672,Bergmite,119.00,https://scrapeme.live/wp-content/uploads/2018/08/712-350x350.png,https://scrapeme.live/shop/Bergmite/
673,Avalugg,71.00,https://scrapeme.live/wp-content/uploads/2018/08/713-350x350.png,https://scrapeme.live/shop/Avalugg/
674,Noibat,126.00,https://scrapeme.live/wp-content/uploads/2018/08/714-350x350.png,https://scrapeme.live/shop/Noibat/
675,Noivern,75.00,https://scrapeme.live/wp-content/uploads/2018/08/715-350x350.png,https://scrapeme.live/shop/Noivern/
676,Xerneas,30.00,https://scrapeme.live/wp-content/uploads/2018/08/716-350x350.png,https://scrapeme.live/shop/Xerneas/
677,Yveltal,59.00,https://scrapeme.live/wp-content/uploads/2018/08/717-350x350.png,https://scrapeme.live/shop/Yveltal/
678,Zygarde,83.00,https://scrapeme.live/wp-content/uploads/2018/08/718-350x350.png,https://scrapeme.live/shop/Zygarde/
679,Diancie,27.00,https://scrapeme.live/wp-content/uploads/2018/08/719-350x350.png,https://scrapeme.live/shop/Diancie/
680,Hoopa,189.00,https://scrapeme.live/wp-content/uploads/2018/08/720-350x350.png,https://scrapeme.live/shop/Hoopa/
681,Volcanion,45.00,https://scrapeme.live/wp-content/uploads/2018/08/721-350x350.png,https://scrapeme.live/shop/Volcanion/
682,Dartrix,169.00,https://scrapeme.live/wp-content/uploads/2018/08/723-350x350.png,https://scrapeme.live/shop/Dartrix/
683,Decidueye,106.00,https://scrapeme.live/wp-content/uploads/2018/08/724-350x350.png,https://scrapeme.live/shop/Decidueye/
684,Litten,132.00,https://scrapeme.live/wp-content/uploads/2018/08/725-350x350.png,https://scrapeme.live/shop/Litten/
685,Torracat,184.00,https://scrapeme.live/wp-content/uploads/2018/08/726-350x350.png,https://scrapeme.live/shop/Torracat/
686,Incineroar,36.00,https://scrapeme.live/wp-content/uploads/2018/08/727-350x350.png,https://scrapeme.live/shop/Incineroar/
687,Popplio,158.00,https://scrapeme.live/wp-content/uploads/2018/08/728-350x350.png,https://scrapeme.live/shop/Popplio/
688,Brionne,172.00,https://scrapeme.live/wp-content/uploads/2018/08/729-350x350.png,https://scrapeme.live/shop/Brionne/
689,Primarina,143.00,https://scrapeme.live/wp-content/uploads/2018/08/730-350x350.png,https://scrapeme.live/shop/Primarina/
690,Pikipek,51.00,https://scrapeme.live/wp-content/uploads/2018/08/731-350x350.png,https://scrapeme.live/shop/Pikipek/
691,Trumbeak,59.00,https://scrapeme.live/wp-content/uploads/2018/08/732-350x350.png,https://scrapeme.live/shop/Trumbeak/
692,Toucannon,77.00,https://scrapeme.live/wp-content/uploads/2018/08/733-350x350.png,https://scrapeme.live/shop/Toucannon/
693,Yungoos,159.00,https://scrapeme.live/wp-content/uploads/2018/08/734-350x350.png,https://scrapeme.live/shop/Yungoos/
694,Gumshoos,123.00,https://scrapeme.live/wp-content/uploads/2018/08/735-350x350.png,https://scrapeme.live/shop/Gumshoos/
695,Grubbin,77.00,https://scrapeme.live/wp-content/uploads/2018/08/736-350x350.png,https://scrapeme.live/shop/Grubbin/
696,Charjabug,76.00,https://scrapeme.live/wp-content/uploads/2018/08/737-350x350.png,https://scrapeme.live/shop/Charjabug/
697,Vikavolt,88.00,https://scrapeme.live/wp-content/uploads/2018/08/738-350x350.png,https://scrapeme.live/shop/Vikavolt/
698,Crabrawler,181.00,https://scrapeme.live/wp-content/uploads/2018/08/739-350x350.png,https://scrapeme.live/shop/Crabrawler/
699,Crabominable,65.00,https://scrapeme.live/wp-content/uploads/2018/08/740-350x350.png,https://scrapeme.live/shop/Crabominable/
700,Cutiefly,118.00,https://scrapeme.live/wp-content/uploads/2018/08/742-350x350.png,https://scrapeme.live/shop/Cutiefly/
701,Ribombee,100.00,https://scrapeme.live/wp-content/uploads/2018/08/743-350x350.png,https://scrapeme.live/shop/Ribombee/
702,Rockruff,149.00,https://scrapeme.live/wp-content/uploads/2018/08/744-350x350.png,https://scrapeme.live/shop/Rockruff/
703,Mareanie,47.00,https://scrapeme.live/wp-content/uploads/2018/08/747-350x350.png,https://scrapeme.live/shop/Mareanie/
704,Toxapex,91.00,https://scrapeme.live/wp-content/uploads/2018/08/748-350x350.png,https://scrapeme.live/shop/Toxapex/
705,Mudbray,96.00,https://scrapeme.live/wp-content/uploads/2018/08/749-350x350.png,https://scrapeme.live/shop/Mudbray/
706,Mudsdale,111.00,https://scrapeme.live/wp-content/uploads/2018/08/750-350x350.png,https://scrapeme.live/shop/Mudsdale/
707,Dewpider,84.00,https://scrapeme.live/wp-content/uploads/2018/08/751-350x350.png,https://scrapeme.live/shop/Dewpider/
708,Araquanid,48.00,https://scrapeme.live/wp-content/uploads/2018/08/752-350x350.png,https://scrapeme.live/shop/Araquanid/
709,Fomantis,104.00,https://scrapeme.live/wp-content/uploads/2018/08/753-350x350.png,https://scrapeme.live/shop/Fomantis/
710,Lurantis,159.00,https://scrapeme.live/wp-content/uploads/2018/08/754-350x350.png,https://scrapeme.live/shop/Lurantis/
711,Morelull,87.00,https://scrapeme.live/wp-content/uploads/2018/08/755-350x350.png,https://scrapeme.live/shop/Morelull/
712,Shiinotic,75.00,https://scrapeme.live/wp-content/uploads/2018/08/756-350x350.png,https://scrapeme.live/shop/Shiinotic/
713,Salandit,158.00,https://scrapeme.live/wp-content/uploads/2018/08/757-350x350.png,https://scrapeme.live/shop/Salandit/
714,Salazzle,166.00,https://scrapeme.live/wp-content/uploads/2018/08/758-350x350.png,https://scrapeme.live/shop/Salazzle/
715,Stufful,70.00,https://scrapeme.live/wp-content/uploads/2018/08/759-350x350.png,https://scrapeme.live/shop/Stufful/
716,Bewear,117.00,https://scrapeme.live/wp-content/uploads/2018/08/760-350x350.png,https://scrapeme.live/shop/Bewear/
717,Bounsweet,193.00,https://scrapeme.live/wp-content/uploads/2018/08/761-350x350.png,https://scrapeme.live/shop/Bounsweet/
718,Steenee,27.00,https://scrapeme.live/wp-content/uploads/2018/08/762-350x350.png,https://scrapeme.live/shop/Steenee/
719,Tsareena,186.00,https://scrapeme.live/wp-content/uploads/2018/08/763-350x350.png,https://scrapeme.live/shop/Tsareena/
720,Comfey,28.00,https://scrapeme.live/wp-content/uploads/2018/08/764-350x350.png,https://scrapeme.live/shop/Comfey/
721,Oranguru,139.00,https://scrapeme.live/wp-content/uploads/2018/08/765-350x350.png,https://scrapeme.live/shop/Oranguru/
722,Passimian,182.00,https://scrapeme.live/wp-content/uploads/2018/08/766-350x350.png,https://scrapeme.live/shop/Passimian/
723,Wimpod,137.00,https://scrapeme.live/wp-content/uploads/2018/08/767-350x350.png,https://scrapeme.live/shop/Wimpod/
724,Golisopod,32.00,https://scrapeme.live/wp-content/uploads/2018/08/768-350x350.png,https://scrapeme.live/shop/Golisopod/
725,Sandygast,131.00,https://scrapeme.live/wp-content/uploads/2018/08/769-350x350.png,https://scrapeme.live/shop/Sandygast/
726,Palossand,187.00,https://scrapeme.live/wp-content/uploads/2018/08/770-350x350.png,https://scrapeme.live/shop/Palossand/
727,Pyukumuku,97.00,https://scrapeme.live/wp-content/uploads/2018/08/771-350x350.png,https://scrapeme.live/shop/Pyukumuku/
728,Silvally,133.00,https://scrapeme.live/wp-content/uploads/2018/08/773-350x350.png,https://scrapeme.live/shop/Silvally/
729,Komala,65.00,https://scrapeme.live/wp-content/uploads/2018/08/775-350x350.png,https://scrapeme.live/shop/Komala/
730,Turtonator,117.00,https://scrapeme.live/wp-content/uploads/2018/08/776-350x350.png,https://scrapeme.live/shop/Turtonator/
731,Togedemaru,45.00,https://scrapeme.live/wp-content/uploads/2018/08/777-350x350.png,https://scrapeme.live/shop/Togedemaru/
732,Drampa,133.00,https://scrapeme.live/wp-content/uploads/2018/08/780-350x350.png,https://scrapeme.live/shop/Drampa/
733,Jangmo-o,107.00,https://scrapeme.live/wp-content/uploads/2018/08/782-350x350.png,https://scrapeme.live/shop/Jangmo-o/
734,Hakamo-o,57.00,https://scrapeme.live/wp-content/uploads/2018/08/783-350x350.png,https://scrapeme.live/shop/Hakamo-o/
735,Kommo-o,170.00,https://scrapeme.live/wp-content/uploads/2018/08/784-350x350.png,https://scrapeme.live/shop/Kommo-o/
736,Tapu-koko,159.00,https://scrapeme.live/wp-content/uploads/2018/08/785-350x350.png,https://scrapeme.live/shop/Tapu-koko/
737,Tapu-lele,62.00,https://scrapeme.live/wp-content/uploads/2018/08/786-350x350.png,https://scrapeme.live/shop/Tapu-lele/
738,Tapu-bulu,165.00,https://scrapeme.live/wp-content/uploads/2018/08/787-350x350.png,https://scrapeme.live/shop/Tapu-bulu/
739,Tapu-fini,123.00,https://scrapeme.live/wp-content/uploads/2018/08/788-350x350.png,https://scrapeme.live/shop/Tapu-fini/
740,Solgaleo,125.00,https://scrapeme.live/wp-content/uploads/2018/08/791-350x350.png,https://scrapeme.live/shop/Solgaleo/
741,Lunala,58.00,https://scrapeme.live/wp-content/uploads/2018/08/792-350x350.png,https://scrapeme.live/shop/Lunala/
742,Nihilego,67.00,https://scrapeme.live/wp-content/uploads/2018/08/793-350x350.png,https://scrapeme.live/shop/Nihilego/
743,Buzzwole,172.00,https://scrapeme.live/wp-content/uploads/2018/08/794-350x350.png,https://scrapeme.live/shop/Buzzwole/
744,Pheromosa,62.00,https://scrapeme.live/wp-content/uploads/2018/08/795-350x350.png,https://scrapeme.live/shop/Pheromosa/
745,Xurkitree,174.00,https://scrapeme.live/wp-content/uploads/2018/08/796-350x350.png,https://scrapeme.live/shop/Xurkitree/
746,Celesteela,151.00,https://scrapeme.live/wp-content/uploads/2018/08/797-350x350.png,https://scrapeme.live/shop/Celesteela/
747,Kartana,197.00,https://scrapeme.live/wp-content/uploads/2018/08/798-350x350.png,https://scrapeme.live/shop/Kartana/
748,Guzzlord,73.00,https://scrapeme.live/wp-content/uploads/2018/08/799-350x350.png,https://scrapeme.live/shop/Guzzlord/
749,Necrozma,68.00,https://scrapeme.live/wp-content/uploads/2018/08/800-350x350.png,https://scrapeme.live/shop/Necrozma/
750,Marshadow,107.00,https://scrapeme.live/wp-content/uploads/2018/08/802-350x350.png,https://scrapeme.live/shop/Marshadow/
751,Poipole,130.00,https://scrapeme.live/wp-content/uploads/2018/08/803-350x350.png,https://scrapeme.live/shop/Poipole/
752,Naganadel,30.00,https://scrapeme.live/wp-content/uploads/2018/08/804-350x350.png,https://scrapeme.live/shop/Naganadel/
753,Stakataka,190.00,https://scrapeme.live/wp-content/uploads/2018/08/805-350x350.png,https://scrapeme.live/shop/Stakataka/
754,Blacephalon,149.00,https://scrapeme.live/wp-content/uploads/2018/08/806-350x350.png,https://scrapeme.live/shop/Blacephalon/
